-- phpMyAdmin SQL Dump
-- version 4.5.1
-- http://www.phpmyadmin.net
--
-- Host: 127.0.0.1
-- Generation Time: Sep 22, 2016 at 08:45 PM
-- Server version: 10.1.13-MariaDB
-- PHP Version: 7.0.6

SET SQL_MODE = "NO_AUTO_VALUE_ON_ZERO";
SET time_zone = "+00:00";


/*!40101 SET @OLD_CHARACTER_SET_CLIENT=@@CHARACTER_SET_CLIENT */;
/*!40101 SET @OLD_CHARACTER_SET_RESULTS=@@CHARACTER_SET_RESULTS */;
/*!40101 SET @OLD_COLLATION_CONNECTION=@@COLLATION_CONNECTION */;
/*!40101 SET NAMES utf8mb4 */;

--
-- Database: `blue_eye_studio`
--

-- --------------------------------------------------------

--
-- Table structure for table `cities`
--

CREATE TABLE `cities` (
  `city_id` int(11) NOT NULL,
  `regionID` int(11) NOT NULL,
  `city_name` varchar(20) NOT NULL,
  `zip_code` int(11) NOT NULL
) ENGINE=InnoDB DEFAULT CHARSET=latin1;

-- --------------------------------------------------------

--
-- Table structure for table `payment_mode`
--

CREATE TABLE `payment_mode` (
  `mode_id` int(11) NOT NULL,
  `mode_name` varchar(20) DEFAULT NULL
) ENGINE=InnoDB DEFAULT CHARSET=latin1;

--
-- Dumping data for table `payment_mode`
--

INSERT INTO `payment_mode` (`mode_id`, `mode_name`) VALUES
(0, 'PayPal');

-- --------------------------------------------------------

--
-- Table structure for table `products`
--

CREATE TABLE `products` (
  `product_no` int(11) NOT NULL,
  `category_id` int(11) NOT NULL,
  `product_name` varchar(30) NOT NULL,
  `product_picture` blob NOT NULL,
  `descriptions` varchar(200) DEFAULT NULL,
  `quantity` int(11) NOT NULL,
  `price` decimal(10,2) NOT NULL
) ENGINE=InnoDB DEFAULT CHARSET=latin1;

--
-- Dumping data for table `products`
--

INSERT INTO `products` (`product_no`, `category_id`, `product_name`, `product_picture`, `descriptions`, `quantity`, `price`) VALUES
(0, 1, 'Catch The Eye Grad Package 1', '', '15 Best High Resolution Photos Saved in a CD;\n15 pcs 4R Prints;\n2 pcs Art Frame 9x12;\nUp to 2 hours Photo Session;\nPhp 3,500.00;\n*Add photos to the CD for P 90.00;', 1, '3500.00'),
(1, 1, 'Catch The Eye Grad Package 2', '', '30 Best High Resolution Photos Saved in a CD;\n30 pcs 4R Prints;\n1pc Art Frame 9x12;\nUp to 1 hour 30 mins Photo Session;\nPhp 4,500.00;\n*Add Photos to the CD for P 90.00 each;\n**Rate starts here for out', 1, '4500.00'),
(2, 1, 'Catch The Eye Grad Package 3', '', '45 best high resolution photos saved in a CD;\n1pc Leather Album, 8x10 inches, 10 pages;\n45 pcs 4R prints;\n3 pcs Art Frame 9x12;\nup to 2 hours 30 mins Photo Session;\nPhp 5,500;\n*Add photos to the CD fo', 1, '5500.00'),
(3, 2, 'Catch The Eye Family Package 1', '', '15 Best High Resolution Photos Saved in a CD;\n15 pcs 4R Prints;\n2 pcs Art Frame 9x12;\nUp to 2 hours Photo Session;\nPhp 2,500.00;\n*Add photos to the CD for P 90.00;', 1, '2500.00'),
(4, 2, 'Catch The Eye Family Package 2', '', '30 Best High Resolution Photos Saved in a CD;\n30 pcs 4R Prints;\n1pc Art Frame 9x12;\nUp to 1 hour 30 mins Photo Session;\nPhp 3,500.00;\n*Add Photos to the CD for P 90.00 each;\n**Rate starts here for out', 1, '3500.00'),
(5, 2, 'Catch The Eye Family Package 3', '', '45 best high resolution photos saved in a CD;\n1pc Leather Album, 8x10 inches, 10 pages;\n45 pcs 4R prints;\n3 pcs Art Frame 9x12;\nup to 2 hours 30 mins Photo Session;\nPhp 4500.00;\n*Add photos to the CD ', 1, '4500.00'),
(6, 3, 'Catch The Eye Debut Package 1', '', '15 Best High Resolution Photos Saved in a CD;\n15 pcs 4R Prints;\n2 pcs Art Frame 9x12;\nUp to 2 hours Photo Session;\nPhp 4,000.00;\n*Add photos to the CD for P 90.00;', 1, '4000.00'),
(7, 3, 'Catch The Eye Debut Package 2', '', '30 Best High Resolution Photos Saved in a CD;\n30 pcs 4R Prints;\n1pc Art Frame 9x12;\nUp to 1 hour 30 mins Photo Session;\nPhp 5,500.00;\n*Add Photos to the CD for P 90.00 each;\n**Rate starts here for out', 1, '5500.00'),
(8, 3, 'Catch The Eye Debut Package 3', '', '45 best high resolution photos saved in a CD;\n1pc Leather Album, 8x10 inches, 10 pages;\n45 pcs 4R prints;\n3 pcs Art Frame 9x12;\nup to 2 hours 30 mins Photo Session;\nPhp 6,500;\n*Add photos to the CD fo', 1, '6500.00'),
(9, 4, 'Catch The Eye Kids Package 1', '', '15 Best High Resolution Photos Saved in a CD;\n15 pcs 4R Prints;\n2 pcs Art Frame 9x12;\nUp to 2 hours Photo Session;\nPhp 3,500.00;\n*Add photos to the CD for P 90.00;', 1, '3500.00'),
(10, 4, 'Catch The Eye Kids Package 2', '', '30 Best High Resolution Photos Saved in a CD;\n30 pcs 4R Prints;\n1pc Art Frame 9x12;\nUp to 1 hour 30 mins Photo Session;\nPhp 4,500.00;\n*Add Photos to the CD for P 90.00 each;\n**Rate starts here for out', 1, '4500.00'),
(11, 4, 'Catch The Eye Kids Package 3', '', '45 best high resolution photos saved in a CD;\n1pc Leather Album, 8x10 inches, 10 pages;\n45 pcs 4R prints;\n3 pcs Art Frame 9x12;\nup to 2 hours 30 mins Photo Session;\nPhp 5,500;\n*Add photos to the CD fo', 1, '5500.00'),
(12, 5, 'Catch Wedding Package 1', '', ' 15 Best High Resolution Photos Saved in a CD;\n15 pcs 4R Prints;\n2 pcs Art Frame 9x12;\nUp to 2 hours Photo Session;\nPhp 6,000.00;\n*Add photos to the CD for P 90.00;', 1, '6000.00'),
(13, 5, 'Catch Wedding Package 2', '', '30 Best High Resolution Photos Saved in a CD;\n30 pcs 4R Prints;\n1pc Art Frame 9x12;\nUp to 1 hour 30 mins Photo Session;\nPhp 7000.00;\n*Add Photos to the CD for P 90.00 each;\n**Rate starts here for out', 1, '7000.00'),
(14, 5, 'Catch Wedding Package 3', '', '45 best high resolution photos saved in a CD;\n1pc Leather Album, 8x10 inches, 10 pages;\n45 pcs 4R prints;\n3 pcs Art Frame 9x12;\nup to 2 hours 30 mins Photo Session;\nPhp 8,000.00;\n*Add photos to the CD', 1, '8000.00'),
(15, 6, 'Catch The Baptism  Package 1', '', '15 Best High Resolution Photos Saved in a CD;\n15 pcs 4R Prints;\n2 pcs Art Frame 9x12;\nUp to 2 hours Photo Session;\nPhp 1,500.00;\n*Add photos to the CD for P 90.00;', 1, '1500.00'),
(16, 6, 'Catch The Baptism  Package 2', '', '330 Best High Resolution Photos Saved in a CD;\n30 pcs 4R Prints;\n1pc Art Frame 9x12;\nUp to 1 hour 30 mins Photo Session;\nPhp 2,500.00;\n*Add Photos to the CD for P 90.00 each;\n**Rate starts here for ou', 1, '2500.00'),
(17, 6, 'Catch The Baptism  Package 3', '', '45 best high resolution photos saved in a CD;\n1pc Leather Album, 8x10 inches, 10 pages;\n45 pcs 4R prints;\n3 pcs Art Frame 9x12;\nup to 2 hours 30 mins Photo Session;\nPhp 3,500.00;\n*Add photos to the CD', 1, '3500.00');

-- --------------------------------------------------------

--
-- Table structure for table `product_category`
--

CREATE TABLE `product_category` (
  `category_id` int(11) NOT NULL,
  `category` varchar(20) NOT NULL
) ENGINE=InnoDB DEFAULT CHARSET=latin1;

--
-- Dumping data for table `product_category`
--

INSERT INTO `product_category` (`category_id`, `category`) VALUES
(1, 'Graduation'),
(2, 'Family Pictures'),
(3, 'Debut Coverage'),
(4, 'Kid''s Party Coverage'),
(5, 'Wedding Coverage'),
(6, 'Baptisim Coverage');

-- --------------------------------------------------------

--
-- Table structure for table `regions`
--

CREATE TABLE `regions` (
  `regionID` int(11) NOT NULL,
  `region_name` varchar(20) NOT NULL
) ENGINE=InnoDB DEFAULT CHARSET=latin1;

-- --------------------------------------------------------

--
-- Table structure for table `service_schedule`
--

CREATE TABLE `service_schedule` (
  `serviceID` int(11) NOT NULL,
  `users_id` int(11) NOT NULL,
  `start_period` datetime DEFAULT NULL,
  `end_period` datetime DEFAULT NULL
) ENGINE=InnoDB DEFAULT CHARSET=latin1;

-- --------------------------------------------------------

--
-- Table structure for table `titles`
--

CREATE TABLE `titles` (
  `title_id` int(11) NOT NULL,
  `title` varchar(40) NOT NULL,
  `title_description` text
) ENGINE=InnoDB DEFAULT CHARSET=latin1;

--
-- Dumping data for table `titles`
--

INSERT INTO `titles` (`title_id`, `title`, `title_description`) VALUES
(0, 'Client', 'Normal Client / Normal User'),
(1, 'Employee', 'Employee '),
(2, 'Admin', 'Admin');

-- --------------------------------------------------------

--
-- Table structure for table `transactions`
--

CREATE TABLE `transactions` (
  `transaction_id` int(11) NOT NULL,
  `users_id` int(11) NOT NULL,
  `product_no` int(11) NOT NULL,
  `address` varchar(50) NOT NULL,
  `mode_id` int(11) NOT NULL,
  `status` varchar(20) NOT NULL,
  `total_price` decimal(10,2) NOT NULL,
  `schedule` datetime NOT NULL,
  `date_ordered` datetime NOT NULL,
  `date_confirmed` datetime NOT NULL
) ENGINE=InnoDB DEFAULT CHARSET=latin1;

--
-- Dumping data for table `transactions`
--

INSERT INTO `transactions` (`transaction_id`, `users_id`, `product_no`, `address`, `mode_id`, `status`, `total_price`, `schedule`, `date_ordered`, `date_confirmed`) VALUES
(1, 2000002, 1, '', 0, '2', '5500.00', '2016-09-17 00:00:00', '2016-09-24 00:00:00', '2016-09-30 00:00:00'),
(2, 2000003, 2, '', 0, '0', '5500.00', '2016-09-22 00:00:00', '2016-09-21 00:00:00', '0000-00-00 00:00:00'),
(5, 2000002, 2, '', 0, '0', '5500.00', '2016-09-03 00:00:00', '2016-09-22 00:00:00', '0000-00-00 00:00:00'),
(6, 2000002, 2, '', 0, '0', '5500.00', '2016-09-02 00:00:00', '2016-09-22 00:00:00', '0000-00-00 00:00:00'),
(7, 2000002, 17, '', 0, '0', '3500.00', '2016-09-30 00:00:00', '2016-09-22 00:00:00', '0000-00-00 00:00:00'),
(8, 2000002, 14, 'san mateo', 0, '0', '8000.00', '2016-09-01 00:00:00', '2016-09-22 00:00:00', '0000-00-00 00:00:00'),
(9, 2000008, 1, 'ther there', 0, '0', '4500.00', '2016-09-28 00:00:00', '2016-09-22 00:00:00', '0000-00-00 00:00:00');

-- --------------------------------------------------------

--
-- Table structure for table `usercart`
--

CREATE TABLE `usercart` (
  `cartID` int(11) NOT NULL,
  `users_id` int(11) NOT NULL,
  `product_no` int(11) NOT NULL,
  `quantity` int(11) NOT NULL,
  `subtotal` decimal(10,2) NOT NULL
) ENGINE=InnoDB DEFAULT CHARSET=latin1;

-- --------------------------------------------------------

--
-- Table structure for table `users`
--

CREATE TABLE `users` (
  `users_id` int(11) NOT NULL,
  `title_id` int(11) NOT NULL DEFAULT '0',
  `username` varchar(23) NOT NULL DEFAULT '',
  `user_pass` varchar(32) NOT NULL DEFAULT '',
  `gender` enum('M','F','S') NOT NULL DEFAULT 'M',
  `email` varchar(39) NOT NULL DEFAULT '',
  `logincount` mediumint(9) UNSIGNED NOT NULL DEFAULT '0',
  `lastlogin` datetime NOT NULL DEFAULT '0000-00-00 00:00:00',
  `last_ip` varchar(100) NOT NULL DEFAULT '',
  `birthdate` date NOT NULL DEFAULT '0000-00-00',
  `fname` varchar(23) NOT NULL DEFAULT '',
  `lname` varchar(23) NOT NULL DEFAULT '',
  `address` varchar(100) NOT NULL DEFAULT '',
  `profile_picture` blob NOT NULL
) ENGINE=InnoDB DEFAULT CHARSET=latin1;

--
-- Dumping data for table `users`
--

INSERT INTO `users` (`users_id`, `title_id`, `username`, `user_pass`, `gender`, `email`, `logincount`, `lastlogin`, `last_ip`, `birthdate`, `fname`, `lname`, `address`, `profile_picture`) VALUES
(2000002, 0, 'client', 'client', 'M', 'client@gmail.com', 0, '0000-00-00 00:00:00', '', '0000-00-00', 'Ivan', 'Ortega', 'san mateo', 0xffd8ffe2021c4943435f50524f46494c450001010000020c6c636d73021000006d6e74725247422058595a2007dc00010019000300290039616373704150504c0000000000000000000000000000000000000000000000000000f6d6000100000000d32d6c636d7300000000000000000000000000000000000000000000000000000000000000000000000000000000000000000000000a64657363000000fc0000005e637072740000015c0000000b777470740000016800000014626b70740000017c000000147258595a00000190000000146758595a000001a4000000146258595a000001b80000001472545243000001cc0000004067545243000001cc0000004062545243000001cc0000004064657363000000000000000363320000000000000000000000000000000000000000000000000000000000000000000000000000000000000000000000000000000000000000000000000000000000000000000000000000000000000000000074657874000000004642000058595a20000000000000f6d6000100000000d32d58595a20000000000000031600000333000002a458595a200000000000006fa2000038f50000039058595a2000000000000062990000b785000018da58595a2000000000000024a000000f840000b6cf63757276000000000000001a000000cb01c903630592086b0bf6103f15511b3421f1299032183b92460551775ded6b707a0589b19a7cac69bf7dd3c3e930ffffffe000104a46494600010100000100010000ffed003650686f746f73686f7020332e30003842494d04040000000000191c026700143446646a53592d5263313543357254473938514700ffdb00430001010101010101010101010101010101010101010101010101010101010101010101010101010101010101010101010101010101010101010101010101010101ffdb00430101010101010101010101010101010101010101010101010101010101010101010101010101010101010101010101010101010101010101010101010101010101ffc200110803c003c003012200021101031101ffc4001e00000202030101010100000000000000000003040605070809010a02ffc4001c0101000300030101000000000000000000000304050102060708ffda000c03010002100310000001f7d180000b180000b602d80000ad27bb74950ab256c5d2a20000c1637e0b180b180b180b5c8598d5353632401d4fad1d94d8df11ac092aae3c85d8aea3e87c931a6f5ec7df8b87b0a923ae35616e8b2166c8ad41b4d2737159cde355844d97b26372552f8317d7431b52bd512e79bc7418cbdaf1b36130998992c5c9560c790d923646b25723920c661a19719aa24ad1e2ce8ca8c234990b931949674290b8e28d1a6c2b5423316c9a82c072d91188e468a12360c95c91a9a2914958258de98799de98e0fd7e5818bf5916c1cad80000b180000b602d80000b180000b602d80000bd25bb74950ab240a5445b016c000058c00005b008d256418d263499ff0016cfea4aff001aaf8ebf553969608df8ab0bec85dbacb3e3798d53a34d82c360e5e3457b111a4e36d614992bcfc56a334545a98553236860498c64baf36092a6e4fac004ebd7f72d6fa5e571aa6c6def12df91a48b8c1246ac96364f3c65ead9bc210be7d55bc657d09218cc09235b08c85aa6a9c8356e19188c894b67db79cc5073d56c163163132c62d1831600ce3bc6f4b3cf7f437cdfda5c0667d405b016c000058c00005b016c5b0001600c0016c58316c0005e92ddba4a85592b62e95162d8b062d82d8b60b0062d8b18b62c002340c9c2ed9e9026aeb62daaed9a7d8f652b9c184565e349460af2d19563b153b8324ae4c1b356859bc468f97325848d3456dadc25a2c8c69cae53b378d654d49cac6c62c91b1319c14e9b8dd9f3107fafe577b1e4b21323916a172473492d8fbe22164a35aad881b1ad65b23498c896317244c8cd523016818119ddaa6aac41098d54949c9169060b46df91875920b4c0c6bac6cd91aa6f66fbff0084bbafcc7dce4010fa916c58316c00058030005b16305b0000160c00016305b00017a4b76e92a1564814a880b182d80000b0602c057d3e2c449526411288fbf172573eff007f46c982476324d8d25785348fb29a2dc298d000738dc6d82bf631706b9cad4f370972172742d15bb056bb92afcea9453488ea2fe364b1327108a34617a58a28fbcc7f1b18b0646931cc8c68527aa4e2644292aabea89b3c8d263491828576c69305d5b2630e3e2c6d88941f51c56a892bb16d12285b05b54c702d919cc96aa7436b3ed2bfe43ec957f503f3f3fa05c4fa7340d88c058c16c0000583000058c16c0000583000058c16c0005e97dd1a5e85560b2951602c62c060b600b062d8b05c88c2e364a3490a23ca6aac05ce8f245fc8e0092d8ed7c68476805392310bb678cc5646dd0cd82e96ff00cc065e0d8c9afb64c1d0f3abf8bfb246a62d48e4c28cab34fec88cdef0c9afce83dab635ac856a8354c5d88be2cfaebfdad6a93a4a8ab110afbf24e8b62d4ae2e4aa48ff008482bac0b15c5000351c61bf0233548da2891f7e00bfebfa5a30646e3893646cdf39f4ac4e8fc6517e1dfa939cff004a3f9d2fd17fafa2c03d779c016305b0000160c000160c000058c00005b016c00005e97dd1a5e855062e95162c60b600b600b1802d802d8b17f1aa161f64a7215f591db5340060e56c0171a4e37b431a311adf9c5c88eab756e2dc464b2bd3c68cd54b5a363b37839b2f12c17a391371b2be7462e3cf8d6f3631f172d56a8848e37cfaab1596a0b102e330929ad8b53ab541276fe7fafe50aed53632361189210faa46016215363311ad5263c91b0151f50fac93aa8016df8b18b2313737849d535a6d4af740f23f6bd15cf1bd7597c77f4056ff0046fe1efb85f53f10d034288b602d80000b180000b602d80000b180000b602d80000bd2fba34bd0aac5b0a55563168c62d8000b180b0602d8b17f1ab22b45494e70a6c76d803916c05b16c23637251fb54831b358e9b2b1b15dfc5fc7fe86c64d36c91a765fa1562737192d4b1164adecf8e5e4b15fdcb56c95fcbaaade8d89cfc2b5571b88b4e365a1565c98dab851862e58940b462d8a92a2c508805c862a5460f9f414d5351c662d562a3633168857df9242d023ed064ad92420d5268f21623005765a6bf6dcaf6580d777fd67f35fbe72eed5a75a313e89a63f43fe50fabfea701a06cd016c05b0000163000016c05b16c00058030005b160c5b00017a5f74697a1558b62e95562d8b00118c5b0580000c5b162d4d611cfee3494e4b63a534e05472c95ad8e45fc8d242d8d1be49419f45a2831f22bb396b8d221731591b836d5d4cdc68cc5ac6e13370afe0e10c9325a108832648b1193564a58a4e12c14e8e5c46366c6d9f2e4669daa47f87d92ac55495c9191a4a9c0b60e9f3e8245b16486465b15560ab110b9305505b1b2755354c238c10b54d8cb029bfd2aff002a1a49c8e2be43ab9bcde17fbcaf5d80e47efcd1df32fd0184f5bb8abb5fd01c068722d8b062d8000b006000b62c60b600002c180002c60b60002f4bee8d2f42ab00a554058c16c16c588d8b0016c0050d051f54d5490b214a8aaa4662a4a0dc9429d0e9c51aaec5c5faa9331ab631c46087255fef1193816a8fdc96372e966c9599bbd098d9b27188a76c3a75ac6af846d9f293ac95b655bd6da065ebf2f188fa2b5bcc2c15246b5354a67f3fc9246c8df1c299f54000b054918b62d1b2131b629c6011abefc5c94c92a5ac316c01b1bfa75fed4d53b0316316065a756e4d4d693b571396f11f6e9dd6fc13de976dc803a7ac016e582d80000b060000b182d80000b060000b182d8000bd2fba34bd0aac05d2aac058c16c160c16000c58c5b16002314d0c6a7271bb67c13efc9b3e53217c4d3970442b54e8366aacfe172d6fe9695cd5058b93acd214d8fb64b2552cbd5d0c965ea39baba784c067e9db1e626c692db14236216bb1414a3e499ffc282c47186c692b8afa494fe2c5a1f82c7562c24ef2630a70b611ac5668291354b10a86c6923005518b62458a6a31919a95bf1aa5b1abf88d60c2300af3a32fe759a17a7be637a738ff005d78183f60016e582d80000b060000b0600002c600002d80b600002f4bee8d2f42ab16c295516c05b005b0058c016c016c058c05808c00c6c6cb636c6546024a034931cb163e4b1b2c509526359cb52826aeb5b172575fcfaa46498eab1131b0d1d4d8ad5cd598b5469205ad91a4814a6c6b14c5849556a6c5422d4d92aa97f16aac58b91254b69f16c580a2c46d8bf64a28c3016a5b24896c16803e2dcb404632335237eaff00a5816c5abb160b0a5c98d253018e237a73e65fa6981f6878185f6016c1cad80000b180000b602d80000b180000b602d80000bd2fba34bd0aac0295516c05b0000163000016c05b0058c05808c5347184565f1b6304c9621a3214c8f2b1ca928b78d1d6d5495d6b90b90b8d24538ff1acb0c47c951a4aaa3efc4393833990dba92c55ec02336358ac46922ac78b26349514d5127521498d24003110364c76b1a495490c6691ac46a682ba96c24af19a08d4b90b1aa1723fbfe94216363498ed8d528923549560a4446924913591ac956fd5fd33e0bef4c1fb448032fea02d8395b0000163000016c05b16c00058030005b160c5b00017a5f74697a1558b62e95562d8b062d82d8b60b0062d8b18b62c18b60b62d82c000118a686360e73e76cfc4ab258d9a842fe2641bd8cb4b93346b5b17246b5c952b8afaa46a8cd6d8af1552a2c95db6da765a1bf84c4d9309671f1aa6aaee52c14acbf87d9228ca92b9218ca92b56502e48b24c8d263beb833a0a284c5c9b9454b188e30d24296c5a04ff0c1581b19229a3248d725424647024919b1be1264f5b38d92b6768f2ecc4c286f33d2bf32fd33c7fabc80317eba2d8b72316c00058030005b16305b0000160c00016305b00017a5f74697a1558052aa02c60b600002c180002c60b600002c18b62c00460308f07258def4e0ad8bd0f3aa859285deac4fe9c4d1c48d363490ad6c15630d9042839bc4cd1458f223daca62d59273575498d2632d52576218ca93fc491c51c99238ad0532746b8c5ab5b85b7b5e55bd888d3996733130b2d8db7423298b9f2d6efec9388c3168d6a608c164860a68b05037e7d15240922d50d892b57dedcc55c9549597e9e798fe9c607da240185f63016e582d80000b060000b182d80000b060000b182d8000bd2fba34bd0aac05d2aac16c0160c16c0160c058c058c16c016c0160c058c5b16002356227626c628a3f8b98bfdc7092353bf95c91a942d18b6125784df8ab11fd8dfd4392aae3498d265c65b2349556a931ac42b16956faafe7fa92b2e2ca248c8d3613ac9d87adedb4367626aeb8d3aaeec16c6668f986d7ec107bc3898326368610d54ae50492a92258c5a252e4a91ad8d8d224a961f19fc0eac583b30591c8c068bf93b2d0dac47a45e787a1f83f6890065fd5405b960b600002c180002c180000b180000b602d80000ad31ba34bd0aac5b174a8830160c16c016316316c120b602c62d18c5800c05b005b0163021622c0aef9f5c5cc87a1e748b297de15c79089a3233172462c5208cb61629465b15da9c78b2a35aab1893195608d8d62aa86a95562a4c85e7d6ca9a6bafd93132c50b35849d256bb613251b37d3d92bfb37099fbda86466eb7bbe1300bf85ff3046c942b1c2a4b632252c649556c5a470281a291c61a4919363363b049c9592a6f54b2d64c950d9c246cbd6d2d7fd1cf36bd26abed640197f5716c05b0000163000016c05b0000163000016c05b000017a4f76697a15420d172e2d9004f5862d8900118b609163168d8b6091630160230018002d80b600b18b20e12d388b18b8a5c88d7f07f843ff0099638ab62e48d6a92b538cb931ac47156c5499f1d4d54955719c99228ab6aac505aa4ad147990892ab232d5d78932712c9a3932632e397253a0c682fed59dadeed91ec75dd4b6b5375fc756db2635fc154662ec555a9ff00cc95543447fd2068a68a01a118601928d3a1bd6db6d02ed8deff0025066b696d54ab7b12b7770b5dfa4dc05dfb17b290065fd3c5b072b600002c600002d80b62d8000b006000b62c18b60002f496edd2f42ad4b9ab66f2c636c7a039bf35bd05d3f3b6462c80316c05b168d8b602c62c18b62458305808c0062c018b60b62d82e0ce5a0ad2f258dd1f26b53176eb294d5491ad6c5a9c654a8b6218ca94a92ac65c88f2558d1a6c6928c68d263215a9aab1595f54495171a4c192b3454e057df89e4c693978ace4b09b8d58dec75567f24d961d775bd89aef53c9aff8fed5a1e71604b10c230d5c85385fd3e3a0d233a92553931363369eacdb4e232f47d164b251999fe8e4c2c6c19aac9ee0e04efa87dbbc0a3f4116c58316c00058030005b16305b0000160c00016305b00017a5f74692cfabc61cbbd45ca8d9f47368f9f5d951e0ecd62d95e15b163960b11b0000583160c16c482c000463160c16c000580188cb9de0adc3b856ed616354d5dfc34ad8b92bae3495588e1267c6558d1a647b14232e4c69228ca6a95632e4aac558d1e6c655fe3fb566fbf18993b32765fa8d2f1ed15fd4f26dd8749b6d5f456d6ab1383ecabf89ade37d17cead1578ccb78cb53557287f496087ea8248c050357f11fc719b86cc69b399577a14e32356fc9b0192a1e9e3469b898ad57f0136b7b3e117e917997e9a56fa2bc0c5fad00b72c16c0000583000058c16c0000583000058c16c000573374cf0ae149c1137432b72ff7c76e72a76155f26316674ac16b182d88d82c180b182d82c0182c48c5b16002318b060b600b062d8b0c464b13df3f11fcff004bd8f26a53172c6b8d256a719525762182a94992b4354d8f2548d1a6c692b468d394ab09721762aaa4ae49b0d7064e27b7a4e26e349d9f1b3b3f801c5fe6d173f97ea35e63457a2f9d0b6162bc6248eb196c10ac67f52471582d1fc24e5e0b38db465eed8def31184d898dccf4f56cbe6d92c7063c98514b06ad9ba4ea7928588931b77c446f4e3cc7f4e71febef0307ec602dcb05b0000160c000160c000058c00005b016c00008be237b79f9abcbd36753ebbec6b35fac325aeeff009980d08dda3653a81e7f75d8f48366f87bbf6fc3ea71cdfd0f57366ac6742d802d802c62d2316c016c05808c000600b602e34910d597686d8caa4c6b257efe1465c85d9cf8d1a746b15632a5a64ad156c5c95a32daa5457f2f5c9c418d9252b2a72a1169c951313d2cd92ac2ef611271a4b426c25123efc1a8d7f1ab14a931ac43fcff002c8caad62e4a58b2b376da5b38db8e5e4f93facd7e173be728fb2dab274e46d8c7ea764293572b1b06161353ce49a02b1bbbf3f05b2e6142f4f7cc6f4e717ed0f0307ec62d8395b0000163000016c05b0000163000016c05b000011f9cafd1b7e7b72b63a42368fd5d99a1e8ed9bc7dedcdef23dbbc73c97a2acba6347e372f2dfc6e5757deb5337bd3d3ff1cbd18c187a0c0c98862d8002358c058c58c5b048b180b011800c16c05b160a6c1ed0e271b2636af8d8a7d559ae4790b538c896bb11635524928637ec85c95d7f0691b3789cd27cbe36f58dc6f5152a06d1d79b3e371b065c4d0f3118930a4aa2b24d20ae6e3654e8ca6f014d92635538431ad989b256d4b4d92a4af2df56a96b2c2e81f987de368d7e93adfe95e6f66f53708f79fa5f9a741626b75be3c1c9adcd85b3e114349aac16b0431bd39f31bd39c1fb53c0c5fb18b60e56c000058c00005b016c5b0001600c0016c58316c0008df972fd46fe4862b372a6d6ed37ab57c6616dd7bfe4b666e6b34b9377f230514aad67d5d2a2e75bfaff00a6fab31eae6c0c8e4012305b11ac60905b1603168c602458305808c050d16a42ac4b23ddf38bf816e8415b2358ae2c529919aab10ae2ca5c9593fc7f71e4ac498d25c28b95362b33abeb8d2e64dc4cd852d08d1a496f3d4b14e91a72972424692b44a60b90dc8e24e405922920ae6e262b7b334c6e3e6af97fe90d1fabb6ad03c97d570980cfc6fb47cb36274eeb7da3e93e2197054bf3968d57257df8d06426225fa69e637a7383f697818bf6316c5b918b60002c018002d8b182d80000b060000b182d80011bf1fbfb02fc75ca6a9b7ebd5700de92dbf143e7befcd2b934b07d0bd61dcb351c974456f78e05600ceb43160c16c16c589182d800230160c58305ad2485800a6a320ce1d7118dc956eee149c6f33627771ba9a4f2a6e89b1b6446c6e4a8595c59c228516545b34630d54d5a3e4610e2e30ab6aab7a7621b1afe3b31b261714151a4c6b79eb5495cb5c616dab7a931b68d01c624617b316a688d964adcead7a35c6957187520f286f0d65f21fd49c986cccbfa2e79f35bf5ce37d9f96b6ef5d1dd21e8be08d2db37329d01ac6def3c8fe55f2785ca6a9c37d2bf32fd34c1fb43c0c5fb000b72c16c0000583000058c16c0000583000058c16c00057e4e3f58ff00958921d8f7ea6f3f7497ad36cc3d99633788bd37a06c4a322bab26942aaf251a4d7e40000062d8000b01230588d8b1435540cdf61aab35c63a1274a55fcdae59d4b5ef7b3f3c622f7f59f9fec24d57dcbd29e4d5834b2fb86afca91afc9e8774a790bdbb3617a3776e23eb4c5f397fc6e232f991323498f3469fac5208ed8df24ac2d8b9215a85235c6911d554b62ec54fe3fb09232ed4064366d35b508e37df8bb59f3be466a69b80c94144dbd54b27537e4718ed0d89f22fd27c0f8eb8cdf4da37fe95c26858a8dffb0b8d366f95dbdadadb556b7eba1e8061399ba8bd97cc35e46d6f64f59f3e9a58311bdf21c77a71e617a7b91f597818bf63016e582d80000b060000b0600002c600002d80b6000027f31ffa70f058e2bc96c2d572dadebb0f8d694abe8874f78ab7a961ebdf503c41e86ab1fb378df34775e5baeb2dcd77a8aaedf2b7648401de318b60b600b012296de19b116e7e07e50a4fa3b597d65d2b75b52e82a6e5f5dc526248376e23a06136d5a68d9e7c6f57d6e29b9d197fa6d9c785d3dcbb64b70772f61798968f45e77da3b6eaada1e63cbe37378d852e166e0c29ae3eaa4c6768cc6ae4a698f263218cb62ec5652fe7f3250fe54124202d19253fd2450d8a8cfaa6486a9726367ec9ae2c795ef749eaedfdc47f17fd4906c156de347d0dff001157c6f8bf55769ba9a91578d896ca56a2a72f42e97c9d6bea7e368bd3d49d53bf8dda9b7b96711f45f8d753fa61e72fa3b6b2640197f4a16c05b0000163000016c05b0000163000016c05b000017f9ebfd09f88dc354f35fb47a1798f88f597a4953924f35b785fee3cc9aab4c7a89a1617286bbf6339726adcefbab67e94864dff00db1e526d6a4f5c4e27eaba346d3223495658c58463866c2b7e6def8dbfe8ecea1a06a1d2f65d97c9f5b5e65b9a64a4e7e9b590a6d1d4859693272f66ff00b5b49da287a8debb1342ddafd5b6c9d1f4db352db84a263bd47cff00d51db5e42f70ecfcd3a7affa2ba2f9f9cc264a5519632a692710972552568d1721151468d3632ac28d92558cf84a92491ae2b3ec90ad8d8c1f3eb11c2248469230b056ec984f39f5ee469376e1af86fe9ee825eb7b2791f6364a96c467cdbd7d26b956c9efe6d9f555ff005069e7edfd6d86c8fa3ccd77adfa475dfd3fe7bd16c9352f438dd85ec77e643f4e3ab84d02d4a2d80b600002c600002d80b62d8000b006000b62c18b60002b833bcf49d08b9e293d7b80a10e9ca27611345c44bedd8bc4b26937b5f4afe55e27d33d43df6389addd7b7fb35781f47fa91adefd4d55da7e5b763c5cf57b754def32b66c5fce8e78f2a7d01f2b7d2deda3c6b84c24dcb085bc32ecd4ad3d17cf957d164d957add59768c6d5d9fcbdeb6cead983e8ed965a6f4cad51725db144d9c7e42d55d57ccd56f512b776c6c58f498d7f93b3e737f7ac9e0ee37d97cabf466de38eb9bdf2f92288e358c5a354292a929c65c9cb46abcdb4e5a87a8a9649badeafa3bd6020d82f79dc22aed699b3b472f662e5ccd6cdc942d3f38a5fcfbcc3925c8a0637d2f5771f75a6b7f8bfea1a95831152f8bfd52566b5ddca2970163d55d4feb3cef3366b6fc6a37b5746fb88e8fb44ec5c6fa3cfe39c25eb6cfd4be6dc37fb1cfc917eb77d360340d0ac2d8b062d8000b006000b62c60b600002c180002c60b60002b4c6e8e30ab4373948b4e7d69c07500003122c0460c5a453411e8ae61f44e358939ab7f64a74519a077f796d6645f977d4dc61b7b3525b2ed9f46d3d8357d0343dac6d4b96dfca5a2b1bd570a86e72349e8ca259c7c27636f5e6bf3beb7665a78323496bb0713a2b2d8fe8b73c7d6f8dbf52bfa97ac2bf6b0f93dabadec783d87b139aa49d33e9df991bebd4f96f55a4d5ef57fe1118931a29c5c95059236aef39eea767f8b34c7cafef9d67ca8dc17a8cfdcbd0fe475ff00d161f7766fcd2d77154f7bf09e2a5c7670bd44cff8a1d61b581e8941e1adc5b1f31e8c6572db5686238fba6787be71fa799af35965fe47f5fb96b7d5dadb7bcf7a9add65a03d0d3f4e22d2b1b81ab49b06a9336ef4cd02e3a951d930960d53edfcdf9dbfb51fc74fec5fdd78a681cca02c60b600002c180002c60b600002c180002c60b60002bc6ef647c06922dbfd69e60279abe8a6f9fcf27aeb0c3dba6232f91d182c8e460b0602c062c004611b92fbc91bcbfcdf2efa2d9db5ca97fd6f14527a8b7d77763ec797760f5a2345379eb92ee1adc9678c217535166b7cf969cb69c8ad74879b7d3b6dc1d9f36fa0ba32adb3e72a560c664f2fd6e81d0bd7b92bde7b8e7b2f4e6ccc3d6cbeb2ea7afe9d5e78adf4ad7d171cf6c68f54d8dedcee8e07f417d87c267636695b13012724ab345baa778f21783fad730ec4b8e03c9fd5b52e8ee99d4bef3cfe98bd56f66c4d6fa83b0b40dfcce735ec3e78b5976db6e93b949566efee59cdb8f59fa8fc65ecff004fe03b63575ee938dea382356ddb9e3e77f58b4d27255fbf99d8dc8f648d7ea623766aecbec6457ed352afcb52c9adf6b6b7951b68d5b6d4d1682fda6fe393f633c4af02b6a00b182d80000b060000b0600002c600002d80b600002bc89f5db87a28bc81d27ea8f2ede547b67ca5a07317b71aabcc4f422859f51adbabb68e5e40074300482d8b00d0bde3a7790aad03bbb92aad195cd65fb7d48f5031a4add7ed3adebf6ab5272fa5e4f4538ad90ea592356f1166adc8d03a4eb5fdebcc3af378637a2c0637b06db24dc3d27a7a9b1dee6b674ad6dce8eb24ed41265f41f4172cda37b03a8a353a6dacc9345b6c9454dcbeccd79e8fc45ffa43c2fde3abe13dd4bb717f5af92931bc0fe9bd4bc77d178f7ce4f5fb5554dec1e82ebcc2fa1c8f37fae2741e78e6fc26cde99c3d8d27cf9b9e83b98fc0744f44f4547273542dababbb51d896dd4b37adaec1b97185fed71d61cdf369d57423513626b7abc31b8d8db38d9283d2bcd5e8b0b60527119be65c410b25565838dd8176b546adfb12fc91feb6f8bcf0333605b072b600002c600002d80b600002c600002d80b600002bcdff00487495087cecd17db1caf6f9a9f067a5941d38a81bfbcbc8d13f437bdbce1ee3c6abb117f1b4a30018b3106a1f186ffc2be834a2c752e3ecae88d0bed1d5ebe96e13371b368d3b5b5fe9306f6a6d5bb3752cbea31109b5aaba952d3168d2715ec6eb7b27634b8f45ed39da165997aa72f52f39ec2beb642a1a4ccde024bbd9232b37bd83cdf76da3ce92e0ef9dbfc97b797f7432af2658ac776a0da3630759f1cfa77e647b3f9a65fd8cfcf87aad67c6fa7772d77b6bc997367199e9f1064c8f9a46aadfd8dbb97cdf71d8988ef3f1135ba73ca7d379bea5bfb52f9dd5935e87b7f6287039d57a73671b505830992549be80f0d53259b66d6f66c9aba7a94c6ed1f5be3af50eebaa762aeaa55b6b7da1b036ed5bbb46dd65b5f4c6ef8dd53fa38f1cfd89c1da980799fa48b60e56c000058c00005b016c5b0001600c0016c58316c0005693dd9a52855d51c35e9de9343c4b73edde02bf1e8be0cf5db842cdad31db1ca9dc946f7a677be4bea2a1859202bf2797fdf1e0ce9696aed653b1b7e6565f2d4ee2183fa9afcd07eac332b2e3495528aaf4db4e229ece86a26dfa05bf45acb4c6c8d5d53d26b7c96dab448a96cdcb6366cbd79adfa426c57f87aafe8be12a5af3fb13dbb83ad6b8d59d614d5ad4b9bcbc6942a4aefe7eb293b223451e6edbadf68c56a4da7119bd9f3969e66e8783eb3e7de2ef67f15dcab607e817b1b8fb7847e7768c9ade6f175324bc4612293375b850767c9c9c264b1316a73c6b7da3cfbf38fbbd36c15add9f2dfa2f13ceebdb26c63f9c7b13bab9abd3e373ee85eefadfa8c2e30c46d6bfea636c4b1e37d17bcfcf45eb7d72ec757736a2b2649c5931ba8375fa3c2bc747577a9bd5fccf1fadb61721dff3f9afd1ff00e5bff51fe4febaf030bd68b62c18b60002c018002d8b182d80000b060000b182d8000bd2fba34bd0aa0a2951d02741e23b59f2fb8e76e72c6fe9af7ce03a3acd1dd1e85f39dcb0aaeec3098dad1f087941b479776363137f32c969cab04192aedafd2bfe7d7f40d8f558a6c6af154b1160add3d4a26aadb5aeed6f73ec1daca6cd26e568c9495635832d8ded5636b334353d9cb5129380f31ecaf58da9142fdb71b8d624b036ad27672f3707ee7fd179dadcdfb1b9e3e6731b96ed35ff002f84cfebf97c94e8392def1be2c616ed5bcbcaf4dbb634e693f6df2cf56ac940b4f8eef9bc41262b589564a34b597a82d3cf1e1fedd96d7957b1fc8fed1abaeda42f2bd92debc8788fa6fcefa7792e93d571cb5bc6ecd5cd9fb8b555da6fb0f13abb73f3868fc7f59b33ccdf653c8656dd9bfb49d27334fa52f7c9f7bd7a3b47a2f59d27bc1d0544d1fb23d061f3c7eaabf26dfac9bf45e0666c00b182d80000b060000b182d80000b060000b182d8000bd2fba34bd0aa0c5d2aa56ec81e6d547aa39f34efe92d39f6f7af16fdf42b833d05c7ab379c3a2fcf186cf8f9715f55dfd5d395b938de64a4d02e54466fa1deeaf8afed462c1223362f5ad8aa45dab75f52a557d875796fd260dff1b2dac4c19d5bed2b35c55b4c677a3cfea0c6e03cefb2931abf0b2f56c8ac02a25b6356e74724dcb625b24392bb50337ea30ae2dc267fd47975c993929629b72a95db67ce649924bfe73c73d6fb6b52e3d0f5ee0d6fd56f69f26939bc6e5bca755a9a76b1198dc6d7b352e61b9737fe7efd6f92afe7349f93f6f37943a87957ebff0030bf5129ecf59e376adef977b1a5b5bd34a66e3666a376cebce61f59e37a1f4a67fd12c6d8e27e1efd4478b11389db04a9d2149ab49e61da3b23976f757632dd33c9727528ee8fd657e34ff65b6f8681a744058c16c000058300005830000163000016c05b000017a5f74697a1558b614aaad4d523d2fce1defcf162f79cfcebda7cc5bb6be6dea56d189ead7983da5cc5572fcffcb5939bedfa2c0637095f87332ea24d697d4df60fc65f6232e4c9aa32bb6646abe4ab74efaab727574bb376add174e71abb6b475275751f457fd4388abe37a2c92b098dad2db6361170cd9230844b22a128b015254d15ef3faab37662dcf60a05b7d6f9cb8d82916ef47e5ec99b833af60da08527431bc97d1dbd7436155f79ba87943b6373e43929ca6e35d062d31a4f7cf2a78eface8ad2b7d5fe7efd2d370971e7dfa4f8ee74c4ed9e34f7df39bbed1d7765e55ae95dc6dcfd4e73ea6c6f65dda1c73d03d23b6bd97cff00cc4ed7e88e70a3c5c30b5fbb50d4fcdde13bf38c32fd46b7c46c4a94b97886a9b3c560c8e4a8b5ed6e8fd82fe25bf6d3a12340d4ac2d80b600002c600002d80b600002c600002d80b600002b4c6e8d2f42ab16c295558c59068bb2231e71e33ac7972eebeafd99a93b325e9b239f3a5724c1f173967a438e74f771b88cbe2333a65d9bc6ff00437b71fb21e1cfb3357bdeebf0b09c63c9d774ed5dcfa3d91abb09aca2de93accd7797badc442afd0b8dab4e83144d5465a192a591c8c8c2faa4b2346963cbb2ae7315c66d4e6a5da39bd533b521deb7fd037bf5be637ada352dff00d1f92b6e5eb79bbfe73c80d5d9283e5ded27a3fe3c7b33b1f398cd67ca0fe15216e0a2db78c3e73f66a96afbd6a1f817e92d77b0eb777fb87cc342ee3d6fb33d179de5e83d69a2b98aa5d4cadb5a7473fbfa75de5c6dbd5be23d772e5edaeb0e6ae9edef075fb2428cc6e78f203f427f9fef2ff73a7536c1568b4ea50b61d81434db71abb598afdbdfe2b7f6a36acb80b5c8b602d80000b180000b602d8b60002c018002d8b062d8000bd2fba34bd0aac5b174aab16c58ac05931a9757732ed6d2562fea6eb956f1962d90a694b33cfef2bbd83e42f4b7bcbfd9b07aaf337adbcfb2749e0fbbd91ed5f84fea4b0faaf5dd93575fc9a96aecdeb7cbf5d5bc233014366ad80cde3685ac26133784891a3492bf31a364be3be398d639c72b24cafc6260d8153475b6e6e34d57112652a4ab272584937a85a6d9adec1b54371ed1e78d9beb703a2e891b476c78ef3fe741c97998bd56f5ff00cd1f4a75fc1ce14dcd92327270a48b1bc7bbb3943e25fa468baa6c98df09f55d0dd4bccebfb47c8774e1f3959978c05b1bd8db98584dc7cfbbc35304cff3cf4878df6f44dc3ac299ee3e7dcebdcdc9b82bf95e94ea5dc7a0353e4d53e61cde038fa679c77bb8eaaf09f4a2a5b2349dacb546cd966854bf709f8a8fdab5a95c073685b160c5b0001600c0016c58c16c0000583000058c16c0005e97dd1a5e8556014aa80b198d9c1a971bbb0ec00eb1801aa7c66f753f3cfaf6347f5a6b764bbda870944abe5f6e82e95f38f6d4527bfbabb6f6a5e9a9a728bb568193ea35e55af784aba949addfead56e54b1b69ab55931ab930633542e34608c8e6fd8326bc82bea6c42d8ccfb62ac11a4b55434bf97272d84cbece5db76d6a9db5edbcbeded2971e59f31e8abfa2fd16e3ad3f13eeef53612c96fe61fc7f325b9f660ff0032e3a283ab76de93f11f56e4be62e8bad7c53f456aad79be75dfd77e73ce164e82d8de8fcbf4067edd40b597bd6adcd537ce7a3ce6d1ab53b6b2b7ef2f5075b7b1f15bd773d7b74def27b935dec8add6f2de0849f5b7c9697e819bd43d8dcefe4fde6abb26a0de30354e4a36d6f4983a53f67df95afd5349cb40ada602dcb05b0000160c00016305b0000160c00016305b00017a5f74697a15580ba55580b182d802d88c162400311e25fb9744baf1f2dade2ff4f268ba6db6af97ce22d35fcde3cbfa2e236d6afbbcb1af3a8b5975dfe6fabefea250ddd4b45dc740aba1adead69ab50b51a149c6d59416a85f21362cd14a31ac8d2484a922c92e312d5636349bf96c5b1b6a82ac11b3fe8f2b37bb359ec3f63e6341697ab67fe63eb7be366e85f68fd67cf6e2dfa47e23fb5fd1cff3fd4850be4feb0e78f11f49e62cd763693f2bf52d2fd0dac2a5474bf9e71e8ee4cfaa7cefb8b6d73357f07532da533f6df21eb30957daba97ec5f2fcaed3d26df4de07a6ba3a89bfeb79b62e49429d364d8196e8af82bd0bbb79cfa67e616f5d5fc3f0fb6eeef3b7ddde6fdef27c99fa66f0a3dd78eeb806800b182d80000b060000b0600002c600002d80b600002f4bee8d2f42ab16c295516c05b005b0058c016c05ae42d1f39f0ff00ac7e256e49c1140e8be7db52d7ec980b4664bfa2edeb4ed91892ea9d6fd075b9afe8ad77d0f4e92ff336a5ea6e748fd1f39d2766eaec6deafad5072939718e643fa8bfdc48d26308c16c9225c924cd5544ec96cd08d272d92d4aabb6aaff00e8f1725cfbd83e66ea78ed6572a9ee7c5adeb8fa3757b6cbe216b90bceb0a9df32f06a984b26022b3171b3e876f332fcc3b8f90be69f77b963763e82a9b5d05cc596b4fbcf1b79d71bb3837e59f48b464b40f537bdf2d45feb4f5a3d9f8c6e6b1349dff25db1d85ca7d8f27cfe70c31ac0d32d15bc6e12ed1aaea603cd1f5da8947dbf88debd7845e8bfa8f2f69f5f78dbb2a86c3406d0b602d80000b180000b602d80000b180000b602d80000bd2fba34bd0aac0295516c05b0000163000016c05f803eff0079f5a52f913a97dc7d15b3179139b2db957bf4ff009b85272635611b84eaadd12f75f9afea5e66e8cd0327a3e61d55bc34e60fa8a96272d89cd8d42d55d2484c482d8215c95379ed23271a6ea54cde5f099ff4f97929d8dc96ad4b6dca9176d9c2d91e42fadbe4bc5e731bedef8b1facfc65871b648d979f5ffb918d671fecd8ccad797260ce4b898396856f3359eb2e99e03c5fa054b50ec79ba76e9ddf9cb7d7f36373172c7a41c61f0cfbbe98dabcfbd05f4bf13a76d19dc17b1f19be377685de9b3f3bde3648d9bcdcf82dcbc6a76634964273258b6472d8191a765fadf36bcc0fd0bf869bdb1ee3f5bf823ef74b8ee022de16c05b0000163000016c05b16c00058030005b160c5b00017a5f74697a1558b62e95562d8b062d82d8b60b0062d8b18b602e0ce0d2767d8a491f89fcc3fa01f24b4f4fda36c9c6e454c453b255f9266d364e124bfadf456fad5cdee73d39d3dabb3fd473c62761d5b074ea506cb06ac7846e5971c58432c4914292c922f2449d5aac9d1a6ef509d96c6e5f7b2ac175abddbd1f93b1f955eb1f9c9531baf7f40ba3b76f92b6b63174c29a3aae0e489238d84b26224a1080b7914de74ec1e668373992162b9aedfa6f57b6056f5975f2b97f3d7b1b19f38fb5f9ff00bd2a937d7f9ed53e89f9c9bd2fe37a0b6de6bf415835f95645479f5b5cd8f6f0be2d8730c985915c169561ade478b70b81fd1ce748fd6780dfaebfc9efeb0bd0ccd0294a2d8b062d8000b006000b62c60b600002c180002c60b60002b4c6e7d3142830594a2602c60b600002c180002c60b623233449cd5cb3dc349d2b5bfab79fa766f6add372faeec5d934ec6d364d9cdd16095752934dd9b40a3bba3ead76a960ece02366e3519b10bcb46458d324b92282d92c92106ab42b4993099a9432592c6e4b7b1ae5b4752ec8f5be376f74f6a5f4a72bce4903cae83016305ac60a0fb8c9d2648708ccbc6eb531b272426afea5df4732d5b4375163658b92f477a41e6255f59c8f5fbfe125d1b975571d774dfcae91deb89667e2e480ebd20e12c984b1891e3bff008bd852198ef91ca358dedcd929b60ab65fb5f2cbdeff002bbd51dbd4681cf202c60b600002c180002c60b600002c180002c60b60002b9f7a0f82e843d0edab5a6b66b0171c8c16c016c0160c058c058c16c016c171a4c631baeee5aefadea0516d1a96f6ad5ea4ca4d6f5992858d8b52fb68b9bab55b95babe7f0185af1a0c98d5a7162a48d6a6a95c9246953571a35ba3926e224e965e6f3757cb6f635dae549bff00a8f39d33e9ff0094beafe678e00f3d78160c8cd52224824062dd80062d8245808c5369bd90b8af6d685abe9fcc5da10675f617ba798774dba9eafd938f37255c2dbe057e63622c11bbe7e10cf92d4adaf37065a31a4c96ace364e5a354dad55d97cd5d2b6b5180685a016305b0000160c000160c000058c00005b016c00005f2e75173350ab723575a2954b6ac6395b005b011ac60905b005b016c016c581099052e0359deb54f7bf40d5d69d416b7b01569352a1ea3250b090aada91898d88ab6a36026e271b50511a299aa168c8cc5ab8c172464692ab5546aa75bcf939bc465fd1e6592e34eb6fa3f37b8fd87f177d83e3c4d815fc7f3e64b92a1c3424a60191ccb000018b62c0008d2439f38c3d05f3b6c6bf0efde9de39bd6fa2eb7fdec19b3fd3a8fcb1e8c67d1cd8329c6b180b5b147d8ad24863289325092b695f5319bff0042efab97d80685a16c05b0000163000016c05b0000163000016c05b000017c8dd71a62855f3b378f511c5000a7c8c5b122d802c608c0120b602d802c646236266d496aafa82ffa72c6cd1754ddb50bd1e22959fa950de151b1342d1886e372efc6833a3559d4b54eaf2323498d2755c6931a4aa11a4cb548cc27ecb9ab9362a4dc96372fbd979fbdd16f5e8fce5cbd51f283d04bfe23ad49278f8a335824007618091630163168c0000000d03a27b535bd8bbe3e6a5f4cb972f6843d2fb572f7f2f74ed04756d1afb133f1a4e670b18465ad8a1633ea1833634792ae597f08efab78e8fde176d340bf7c5b016c000058c00005b016c5b0001600c0016c58316c0005f9f5e827e7d73e4f68ce616d1cce9938f7a40b90a6f6ac316c48b00602d1b16c5a40148c8cdc42ce369d9bd6fd6fd5b555db52dad9a2502d34dabe9ea557b256f3f43118dc946cbbf0b099fc6d6d0c6c2c9468a58d356c8cd53542e0c95c9520ae4c69220f8d46d92a6e854939bafe5b5285bad152b07a7f3971debce99bdef2fee59cb1d4fe3b318b0af20c5b05b16c1600c5b160023000002817f8d2393fce8f66bcf0d2b3ce7a76d388d98bb6ba23cc7f466ad1ede6556d5e7ac2c08fb0a68466fc11af1b262d8c99462096acee82e6be93b3bae026df16c58316c00058030005b16305b0000160c00016305b00015f9ccfd19fe5ba85ff00403d01e31eae871f953ab38c3baab77b69a2aed2e6dfd8b3a182c18b018be62dd763adb71b1b015edcdc6e1312b396a0428d63429babb6d6b36ceb2a2ec3a955ded6783d9352cfd4a6c2b46268dbc4429a57b389839b8d5e7844923920b64a91e255978d257c6c6cd42478d9cc933171a4b2d553251a76ce5e6f2d846ece35c64d25ba98db57d37f1f2c92e5fbdece22ed9f3996c16573000160c0016c58008c62c18b0281adfa1e0d87915c4ffa13e38dd87823bdfca1ee6bf5fd67b063725e3a7023749e4afe7d71f23371b2549b8d6aace646fe3e7d9f293d33ccdd33dbd43409bd200b182d80000b060000b182d80000b060000b182d8000afca77eab7f3f3c71b0b4674bf10748b6adcb8e7b07adbdbd97d67daf99274d152b6c5e79455ec9298b8d88e3ac6a06c8abcd1e2706ba94ba768c76231b16ae5ab726a4bf0ab71b1b0ea636a56dab477f0957b6d5aaea53b1160c6d5b5848d968d566c4c6cb2ead9c6b2730c219285ca346cdc6e78c22b251bb470a3493b471a6859a8498cdd4a0c6c655fcbc91099a942764abf92b542edd11cc368bf97ebd6f1f0f7a0b2f2bd40673c6fec68a482ebcac1639602c62c60b0118000c5862336b91c8364e956d8841716bf0d82b932529231b1dec42b271bbd05498d1f9899098bb596ae94e6be9493d13409bd200b182d80000b060000b0600002c600002d80b6000046fcb97ea4bc06890a89dd5d1951c5fe835a3ed6cb8b394748da2be948b046add8a971a9e4ab44ea6b7e5a8aaf27137ab30e93a4f48498f7f98b1b7ad2757d6c9adc2287a2c92b1b848669d4d9d5faf7e1632563639d4b924082ac99176c43648620933a19b1aacbc6ecafc6b246855b5da235a87090b36c923c246b4aa68b011b2c4b5712cb064afd0c25919b5bd4796a4ee2bd9bde25b9bc6e599772cdea95c516d1cdea1c8a2ee1d89e765a706d7751ca8aa97fac19a976451b3380af6801d00062c005ad1ff6466c818b15e4811db060e56a92b71060e613de8603a439f7a0b4ecb409b7c5b016c000058c00005b016c000058c00005b016c0000568fde3a4e855f9f7e7da547e2da1f2318991966c18fd52292dc44d5175f8d89d3ad6da26024cccfd166ea5b5d76d56ea53ad4d6d649e7d8a5c962376592aecf1ad5baf693437b99b09d7b45cbdee7336b612ae9d11b9fadc528b53629406456a3495aa1eed24a88d1b244dd708bcfe35c635a637985592b26c8bb99a70e87c96ff009ee7dda37f83a9e6f6fd1313b4753ce6bb9d5f5cbc136157ed56b4d7e75c7b451a4e36c1d22cdcdc4e5ab4589b452572f4b8d5d93baaedbc39d24d1ebdf92788a4e169f6a1c57b5a29b7f2f5dda285ace7c171cc3563960bf91f568b8b227331a22c910564d84c8dd628dd0fcf3d0da165a05ade16c1cad80000b180000b602d8b60002c018002d8b062d8000ad15bd74550a12a2ad55ab42c941848f258d8d1a4ea468d52b356e35ba2c1b6b0536b792b4a728cdde55ef78cc6a3a02f6d6979ac496ab25db929389d91d659b26b749865cbc6d39689a4dc78dc02a1e76b57f4c6a98edf4ae4b9cf59c567a8a3739edae1925dc68ab564b6f39ecd8f8dd6ea46bc56dc75b5626fd0c45caad84b35b66eae5649c37091b3f30b02aec85b84a964a5ad92afedf828eb9b3235922ab88c6909df371aad7f73af33f9bfb668d3737263732649997835557bb56eaf2ad16dab66d1d931d16345164a4c2571c6cdb2685935a3eb0bff000866e858efdf9c6bb332edeff554ac942f495468c8a4a964b44584d557d21cddd21dfd1b409bd18b62c18b60002c018002d8b182d80000b060000b182d80009d17bd39fa8500542ad4a0ad589b3066ea4c258b1b0adb1a6875be36d189b1daacc955bb65469da5ecd8dbead0db3398f626a55469597839b85d9928d5f8ddda4f01bc16b5aff66e98d4b15fde0ad3176edc5da32f73a3d0db556ce157c249d15159e82b4f3346923df3b1393ef68b3f89d6539265b0997b21064d48963d899fd53b12d55bfe27116055c6da710ce21b9536d37a8e3d439b66a6925bd32491c989cdcd9d274c6dc69d924576c6e224c70e024e4ab72c9266c6c04b1da32540b9223251a4c2c936a30b9e373af549174b933019291928d84cb46c964b25498977b473e66f8e3aaf68f144ca157b77ee9bdb58e68c5f49ce8ce6fe8fede85a04de8c058c16c0000583000058c16c0000583000058c16c0005735f4a72cd5a136af37011654d85885daae612ad1af2db3b5dc9996da7546ca4dc05b66f2a92eff005fe23a2ea5df3cfb7ec6aeb6da699359d8957addd8b465e91fc7156fd0b2ea8ba339e3624196c723ee7dbf84e66add4a4e6d2d5ab760bb77e30949dc71a2edc9f9bdf4ae64d39b59870d6784dd904abe5ad3adedd5cb46d87b35579d2f5d235f8a2a2611ac9649d889b8e8b9dad49a8ecd155bcdc996ad16e380cdcccb197208a4d2599b455bb92b2e6232464a38aad0b68add35de36e588b52624cde23b1ad667ca4d927620c9499d57813483278932eca9363966c9a76c344b831ad22b6468fc9451767deb87b71e355df5d19cd5d2943d434097d180b182d80000b060000b0600002c600002d80b600002b8e7b1b8d62cbc6e1325065c7c0636c90658db8dc6cd9c6372f278eb448d3b2d666d78bd995b958dcdd364f0c955f379be544371d49d749e277cd2ad73a96ff316961329d07996c92750e2126c8b2526a5c37d339ad5cbb3ce6bc6c516c8c257f37272636d335c60325b46a5c4756b26271134b7b83adf4e1d33af29b6020c96e4a5164cbd3556dacc95db88b456f5ab6010da6b76457292d8397891942cb6e3681687360556e7135b368a8761e4a80b4564c92a1238c66e324c4e470176738d5d4992f1b0ee5a2889b6aa526b714d9bc2648e6e52761d5f25275cb65f5bd8222b251b1129b68d799b45b6bd48f1bfd8fc5d470147d10b60e56c000058c00005b016c000058c00005b016c00004f1ff60f13c78f97c261309263c19df3017125768a4f66014daddb67c8592778d34a071d2d396a95c8ab612d3365eda8599725e761b6341add27612dbaee65b71392572d386dac077edab8dcf1b89a81adf7f37b39cf1bba24c92693d9196c23983a63a5495a9711b7ec91c5aca9dd2997e23e6abfe5ee32434932f5b762bf3b6194e837b8caf44b05da373cc6656eff00124c6c963638aa564b4b3ab1352b8d16692ff375bdb622f5ddea9566365daaf92e592232a28f2549bb06aabb535b664b8e6f57da2396c9aeeff19165e89b13091151b1b8d964cbe4b1b968ac3710412742665d2622346c048cdcd9d350e27dbdf09fdd8c6de68199a82d80b600002c600002d80b62d8000b006000b62c18b600045e0def7f3598d645d7f376b22b983b24693ad5f25349a1cdd1737881b8d924ccdd5a31c585da31b25d31bacf7cd25df0192924bd72d89bd53a357e9d68b058eda4d5bfb1aeb892a3974d26d3abb2c65d997cff0056aacfceafc8cb9364c50e36b76983dfb68fcfda6ad6a4bde22358238f5bdc64ce915bb8d6db1b2568c4c175c4fc6d5e4ed7f5526c0aec8db208e3d6796b055b8927636d0b715fb4e5a345ce131b9b932c71ac81d23ab960a6c921364d811eaedab18e160d557e8d1f5d6726c968b4a741bdd4a2972d08cfba53b2d978292349a4dd92626a59bb211a0e6f1ab06bcd87454996b26b3b8c919edcf873ee3636c340ccd816c58316c00058030005b16305b0000160c00016305b00015c3ddc3e7fb1337848d065c2c6e1336bb60af922edadf25459799371d5596978d90bafc68656cdc94677b4c9d5d57e7aed0c2549b22da6371bdbb5a30984a4f792ed9bd03b039eb710a93b4dc4dff248ea59b9b648949c4dda88ef40b4ab1b679bb36bf1a2eb8db4d6edb2f59d2309928fae4aaf7ac6a18cdc96223636edabac122c9adccb0bc264b0924db0e4e939dcf1b33254ab6451581984a0164b26032cb1ace6ecdc44b0625989b6f11419d371bd164c0331bd639d92c1e739534c4e5ac2c852677492daa930a38cc6c19d21580cbfc904e8d1a39230d9292a3971524d8933f5b4d5bbfd6e4d88f37edcf807efdf9ed870199b002c60b600002c180002c60b600002c180002c60b60002bce8f45fcdf9b06a53b2d84bd9a2f3f80748397ade365eeac693a52a4c6adc8b941c6d80547657e30db26364eb44b954b64269b57dc6ca31ea58dbea932aa58db26b6957b3555a2566e362637325eeb55cf9c75c936936d959b83849d1af5922353eb57cb469d320d829b8d9560d65b7e9c815a3ba8b5bc8a95fe3499a7a765b375b32f372f84899f6aac11d7cdb2a58d8572ad9065e68aadad529106cb36a4e368e4b456c88e3c45a60e34830b0106d49b373fac97566bde216c96ac28d52d99248dcb55e3471c19397c68ccbeb2cbca939f8445255b36469189cfc69dcc6c5e5b1315aab468d92926c4fbd3e147baf8fa8e032f60058c16c0000583000059fffc40032100001040201030304010500020301010001020304050006111221310710131422404115162023303208172425423350ffda0008010100010502ff0077e87bf3fde73bfb0f7e317e7abfb3ab3ab02fb13870fb7823cf3813ce1f1fae39c28e7d8ace72a20f502c3bd0b41eb0b3d38b5f2185a8b83dde4649ea41fa8edd6a251d44be78c0a5120a8973feff00681dbad4bc2b570beac27b1ea18b387ee24ab075000ab907827ab9e5584e129cfb82cf728e412543015612a19d584f73df3ee2095728eae0f7ce7b3852108ff8fcd1fd9c7bfeff00d04e2bcfb81ce16958471fd9fbf7fbb94760ac07b0c278c5f91dc80ae16d76215cc62ae87d7c23952f1847007b91da50e4afa4107ba0ab95f70829e5ee9f6423e5c65094093d4859ed80a48230f571f7611ce70a241e41c27b942b08e709201eac254700efd1c9e15edd7d79d38bf1e33ab0604f079efce3c3a9b47fc7e68fc038b19faf61d59d6717dfdce7efdc79c08e471c13d48ce7b8ef85ac613c070720f943bc638b52c46ec53e07b1c3e262d3cf7c2739ee0ab3c1279c423af10d746387a039d41655c60e9e0e02ac25584f707b73d876c5849c070f4e23a7828cfd91dc04e2d5ce0ea2494e0ee5cea2b2a5123385627c9e9ce380bfff009a3fe7f347e093dcfb7dd9d5ec8f0b1c67187c7b7ef076ce7ec6cf6707778f39e48e9c08ec31c77b1f3f6e20a79651cac278f70724ad21b70f384f6e7b23b1215c9c1d805f743aae3ad2439d256b1dc79efd7ca795f6cf3ec7ab01cff9ce302381ce1ef9cab3c2d7dcf1dfeee7ff00c0eac19ff24e73dbc12aee8ea25bae71dc1ff3f9a3fde7d963fb9030a79ce8c28e491c671edc719fb031bc58ecf0e9c0301e31b91dd6eb78b779c014bc255cb284e37db16be702fbad7885f19317c959503f771883c60ef87ab9e7ba025580705c1ce71ec4ab83dd1c703ed2014f1f69c1d3802b959c59e0f3cfb7dc317e01f6f380ab93d59fb239c033c02949ce38c1d2570cc542db86a75c1e3f347e07e8e11c7f60f2076f758eac4231c1ce2d1d91e40e700e3d9cc3db0f8e78c5951f68c538f21c2e211c1797d003bce05f2b5bfce3cefd8b3d9639ce52709ee8c2559f6e018cf627b62fa978b09462fa73f79fb21249ee4f5027a784762beaebe7b1e919c679c212701e01ee7a53caff00e8f927db949c384704049221e7c1f656887cfe70ff007939cfb13ede3dbc605e75a702b9f73833f5d09e47bbc851c58ec7dbf588c6fa86129c7d69256140a17d2bfdb8b5270bbd895123b61ef80f7f387c739f2a5202d471e7548c2be738cfd1f27a4e0ee8e738c20e03c67da41ffbe547dbce1383c1eac3d89ecb39c67efc9e3b9ce14710c290c3c857c6fcea5b303c7e68ff0069f63dfdb957f6fefa73a71bf1c7f7039fbc3e1feac0127384f24611883c10b4f0f3bc05baa185d51c462cf4e38524ac76230e13ce2cab11d5caff00e7f5d4ae474e2d7d64f48c39cab3f5f70cf18bf20ab3c613ec7a9387a483d4a073a70150ce70050ce38c3d5cfeb07fcf9c42b1969ee50bff0005aca8b0516b6c982f0f1f9a3fb82b9ff4f187fbd19c771d80c3ec55c673c02fe3654bf638af0f75678c4772b572711d8ad6ae43fce3c53ec8c5f4f42fa792159cf38bcfd9ce7d8f6cf39ca78e79c25384f20f4e73c62fab3eec21273c601dbed38070076cfd1c3e384f1c28602ace55c7e8056757b70ac278c5e433296dbc2a6423658ef6ae2db6daa635847fc7e68f1fed3ec7c0180614611c6046141c0338efee73f6f2fd981d387d9cf1c738e21580a8673ec7b15783db09e47dd80e1ea20f63e338fbcf7cfdf3dfede7ce77ce5449cfd909184e11caf8cfb86139c67e8f3c0e9c1e09e3394e11c1053c0ec01e70f9f39cf60780bea380739fa278c8d0d2b331f4b03615bd1997aeb4f9d16341abdcf791e3f3478ff79ce307b1183b0fee39cf7730f96cf041e4638300c231f1ec0e00921cf7e558b528623a8973b9fdabc029e0f923900fd9f7700fb0f19cf38bfb71678ce52472a38477ff009ce7a963179fafbb84673c13e3850ce15ce70a4679c184e718dffdb9f47f1b10151dcbbacb09accaaa723c6b26a61629fe96dae7f3878f6e7fda739eff00ea70f73870e0ed8c3a9c2b0316b49c1d58b1c87fcf187a71070e71d88ee70f8e78ceafbcf624ab9fb462fa793f71e33f7d5883dcf4f19c246791f6e11c123924f70b5273b60f012ae78571c61f24f7c1df09edc75e78c1e394f23c60e9e632d41e952a42599f5d32ce33cc48d533558e95ca9f41f4b83c7e68f1fea1e7f7ee708c07fd27ab08efc2b958c38af08ec4ad4480e7207623b388c58502b180e33d247c49e80d296571b8c5a3168fb0b4a0163b79c3d86719e072ae0f71e473c612ae4e7dd8338561c39faf23ff00c05f184f0415727a49fb81380f49fd12ac3d473eece3bfddcf8202b2343945b6d092bb25fd539b159d2d65650cc8b0752a945a5aba3c7e68f1fea1fdc7be74e0c1fde7077c3d38e0c3e700c23bb68fb7d95e1f18af641520fcbce73f1607f924724a78c73b05e79cfbb9ceae40c07819cf042940f93c719c6783f761c23a40f1df3ce71ce724e0ef9c2b39e41f0e1c27af084e03db8f6230772df485f0f4867e95c0dbf556cb72f3d3872e328d6cecc87bd3df4bf558c3c7e68f1fef3ee3b7b0fec3ecb5f19f2fb1f0b4f71ec3ca17c00ea492709e71e0ae5ee938073850a01b294192544e31d5cb98e3bc639e4e73ce13dfdbaf0ab9ce39c59ee3c9ea1ec52acfd791fa23107b1ed87b1e5387b60ef9d7c1387b8e9edc24e74a7074ab38e7094e03ce207744c530dc57544c342673967aab774bdba04a8354e6af57ea6d6a7f3878ff007f184672af6055ce139ce7384f60ee12ae73ab39c3e38ede33abb85e3784e01ddc39f1724a31e1f1239528f3c8238c6d0a216857124fde4f7230f707b61eaf63df38e0afc7eb9ecb19d6ae0f819f7727b1073ce1f39d29ce7b9c3e38c23b0f207384739c77cf2476c1e7f6da3e2610eb8d08aef2dcf82ad9b5b8ac269e00fce1e3fd830fb13edc61384f7e559fb07b9c2700ec427819c6747b78c73b8388eac1d5811d41cf0460424e2d1c07ca8afad40f5f70544b1d231c5a4a1ff273ce0ed8739e70f6ce9f6f39d58476fd11dfce78c239c39f6e7904603d878239233eee7c6709e0f1883ce0387ca3b9fdafb847601092593f122074a0593ea7eb35ba98b554179de28f1f9a3c7fa4ff0061f63ec7db9e093ec8ce738c59e01383ed00e129c594fb387b673c632be710be31ce9e7a39c038c5f4e494a7923b9ce78c43aa01c90921c779ce709e30f4fb11c1f383a4e757b1ef84e79c23b75613df9e0829c23bf827a78e527d8f63d5dfedc19e0029c013edf6e1ec7c81d8f3c10709ee1de514d05990c2ddf822d9daf5949edf9a3c7f7fefdbbff791c83dbfb01e30ad2303a9c59e41f3c9ce78c273ad5857db39ee3be782daf9c5f7c47d879e43f214825d51ce12708e71e2900ad5c72a384fb1e3839ca4e1eacf27c1fd8f3e309e41ed80f23f79cf629e339cff00bc3d59c28678ceaceac5793df09ce73abb0ef9fa03b71ce72919c2b08edca81fda1f90c20c878b67fe51ff003f9a3c7e1109385ac23be7e8fb81ce11c7f61f70ae30bbc605a814bbce2d7d2b65ded2436bc38938f23a104e13c61ec7d89cfb48e13c93c1fd2fab8ebe41ec4f5603c9f2076c07927c6029cf19e70f491c61ef8300c383ecc380a5608e3004e03c67e8773e0f8ce3067ec1e33ede48ec8ff9fcd1e3f11c19e7fb00e70e1ee0f939f6f27db9ce73ce7efaf8c2bc2fa88eaf6ebe8c2ea941679cfd1e9f62739c187b673dc9c0bee7ce02acfb5580a860ed84a539cf19ca793d3c7dd9cab92739e33ed383a811e39e73ce11d80edfa6c719d5edfbe39cfb79e78c238ce3bf39c61fb711e3f3478fc039cfb7eca79c5a3a7dc0e70050c5e39f6e73870e1f63edfbc3edf70cf2338eebf1e315e5787ab3b7f6752b39e7dbede3ee187ab8e53c0ea39cf7fb4121587b8fbb0e73ce0c3df014f1d49e73f5f6e1ee0e0eae415039cf19cf187a9383a8e13873f6070518bf08ff009fcd1e3f148e41ededd7c673c83d8afeec387fb48ce3d8f7c3e30e0c6d095995d287178709c384278fb90bcfd7ef84e1f1edc6019f680bc3df0e7e8f50c041184a861ceac23b8c2559f77b729e3ab90738e503b8e3b9f03a40e52708e091cfb742b85f5708ff009fcd1e3f1968e70a3bf180f1ecbc3ec7dcfbf1df8c58c3dfdd95706647562fb1273f47c8eae0f571c67ddcf3c612acfb8e74ab3c11f7001209c73c8ed84739f70f6fb461ee394f033c67eb94e7db9e405f0060e9e4e7dc003dfaf9c3d5c2fbe7da073c672950477c642885b515081f9c3c7e394f38e23079e7baf0fb1f63ec7d876c59573e73a70f7f61d448e97db94d290b39c7b0ce73c0cfd13ce1ea24f571d19e309fb3f470e79c078cfb7823b91c2c772b19f6f184f7f19e40f3f70c039c3df13e08e4829c07b1eac4273856363bf0823e5f883cfb8b29ff009fcd1e3f27a138b6b9c214308c230fb1f6fdfb1f07061f60782dc8480f9f9716380bec4e0c270f57070f7c3d49ce7b01d805604ab9477cf01cc279242801d87380f1870f82559cf1833ee07c8e3b9e9ce39ce53c78c05583cf0ae474f28095923ec2852b00ec09601f389ff9fcd1e3f1f8ce338f67fd88c28e7dfedc23fb38c08e71c476e9f6e701eee0c5f8e7b6119e473dcf6c279c39cab8f38db0a502d29ac3d5847284358e78e7b9cfb48278f6f04e109560ec3c6039c613dbce7db83cf1c602ac1e03bc617559ce2cf039e7077c388ff9fcd1e3f2df3eddf09c3ee476387dd052317870e1c6cf2b2b6c217e7c7b1ef8befeff00b3d44f09c47fdc34398e436d4dba96d0b187c383b2b00e5042861ce850c3db3c127bfddc7e876ce7d8f6c39fb0159f6e1ef9f770467ff91d441e9c03ab1014711ff3f9a3c7e51c3e709c279c39d3ec4e1f7e3db9c59c230e1ea19cf384f187d89ce793ce1ef873f5e435e61ba921f753d0f74fc87b6038e213c2c77fd95ab9eace544739fae159c2b8fd79cf18461e92307fde7efc6029c383b9e78c58e73a147103803f3878fca70e1c3e73f673c61c3efc673c61f65e13871787b0f39e33f67c671dcfdb9f6f27c91c620f1914a9017f7a1e1c60ef83b13f7e39d2507ab08ce3b61e0e11c0252738567fd61477e39c58ec4e13c671df9e093f7f57078ce3b91807d886158dc5e8c7074627c7e68f1f93df1cf07abfb0fb9e9f7e709f6ea562fc61cfbb9fd7ef09c38067ed08ebc105be85b4d8183ca17d814965947cab6e037c4d86da0202965c424158e49fb73b8ce5580f7405141e9e49561ef80f001e33abdbf642b01cf1884270215810a210d28e223fd8dc6e90e1e8324aba11e3f3478fca29e708490477fec387d8e1c3df08e708c39f701c720f83e563b93dfb671ce038072591c02ef0414f2f23828ec590a24f6662ad285b7f7a253095a386d8c98ef2e2fa812159e47428e742b3fe308490076fbb9c1d3c1eaeafd93c2d65588ee8e139c738c349e511d5888bd25084a03c71e5f064afb23fe7f3478fc1f3feb711ce11c7f61f73873f470f9fd1ce1587838bededc7387b671ecdad2d12ee7caa243bf7b8efca01e33e5ec2429222bed87199dd656beb124b9d652ac0793ce03c62cab3ab9033c10be3db8efcf03ce1c3e78cf183cb613d6c0485a7a78f38e760f751439d5d6f1504a3fe3f347894b534c51dc3962bff0071ff0059f671ae3dbf587dcfb9c3edfb27a7d8e1ce7bfb78c5f9eaceae309e08e9078e484ab10d270f4830ca896dd4832425d2f47edf10402bee7ab0f5739faf387be78c07b039e33f5e701ed881ce0ed8dafbb0be51d783fcb8e31ddf63bbd152b03c7e6feaf242e3d65259fd2df409f1ecd91f94f7fc9c3e0e7e8fb1f6384f39e7d88c3e38e0feff0067ce1387a70e11d88561ee107b05a867eb00e4c38ea2dbc6420b2fbd811f7cd6128788ee7ce79c19d3dc74e11edca73c81e3c02159c28e20e0ff008405620f081df1b38b75273a92b3251c84f8fcd1e367b57a2b9b0ed104d153c7dcaa58a70e7d07e173fe85a3959c230e1fed230e1f638738c3d89f270e71dd5e7095023b9e13c7db80a415f4815e84971b0df47c0dba64d6365c421396486f970f7c3e3ab0e1f1cf278e315e3ed270f624e7ec04f08e9387c3085623ab96c7187b059c0ea71e74f427c7e68cf50df950ee6eea63fcdadea11ea6022532b7bf2dc639cf89ce30e74fb1f6fd9f6230f83847623bf4e71db8edc76fde211ce218e8c5c7510b0a180738c2d3d6196c96c7016b4b4255b766267464a9897cafa4e1ce3838067eff006af3e738e73c0ce8eac6d1dca12821092430925b695ca18c284f2e0ece756387a03cff00f8d1ff003f9bcf03d5490d8afd5ff907711b6dd58d86bcec52dfe6bc848273eef623d8e119face30f9387ab92308ed9e70e0ef90828afe979c5b0d84cd09e507b37d8b6b510dad251296e16df0ae7f4717df0e79cf39d38077eac59e709c19c738d849c6584f21ae33a393c7703bb3ec57c638b4f0fbbc1717ce39ddb47fcfe6dd873f8fdbb64956f175d9161acc9a4f4f5b9ef428a98317fb79feff00dffbc63c139d3ec7dce1c238c3ec738c387cf4e1cfd7ef8e430fa985b13925132527a3afaf08e8583dd0ef2863b0e3a1b7dd4ad7f6f3f69ce73ab3c671dbee03ff00d7ec1e33c8038ce39c434ac8c8572207118a13886bb32c739c246138e2fb3cfe2fb928eee76423fe3f3764d99b8b5f2829ab9b0872a63fe976b33aa983f9a31e4281e9cfde1c3ec73f47d8e1c23b1c2308e41f1fb1d8b68fbe1b0901c8ed90e7c6d02be5c238085a918dc9e5c95392861c3ce11807723d8f70308c5fb11db021444382f4a704371872bcc76a4990e2c082a080c24678c5f938f7878f384f049c5ffc23fe3f3767db6400c48af76f354d49522d6347662a3db9c25280e5fd6b132ef68afa0718753218fc778294821433a1471614338f638709c3870e11db850ce3bf4fb11846211d9b294144ceee4a8f926437caca4675ab0afa703bc95ad4bce5240e9e3eec03b1c3edfae79cfd71d410852cc569c0dc5825925f54c7e2c5e6cacef23b4b8b7886b1994dcc0b1c61c5a71f2908797f7af0e3dd5d08ff008fccfd5e48727cfd3686c23a755d919db62d4c882504a42fc62c739b45c4a3ac0bcfa7b2bebf72767a73b855c5c7fd42a944c656a58fc43ec424e04f19282b0ff611ec7b8f73e78ec73ce29a520f0a5803b969430f50cfb8928c3d4339e8c27bfef023bf1c67387c73c0213edca791db031da043eb71e6bfc816e3a993b7cea9b6aab3b076e3d4ab6b080dd058ef5019852a54865e5f18b989e5fb14a03d29c7d6b3d479c0708e711ff1f99faa344ca0bbb291653370888af8b30c7629d4c5b2b6aa9a4daa1d9eab77ea6ca7e9e56e9631e80cfb890b99f211128367955de8c22a6f17fe6eb1f8eb3c079debc3ec70fb1f384610ac3edc6119c118c23e50c47480e454a0b90d5f4cb6b08e8c5951cfbb0f7c015c8fb4f7180ab93dc74a79294903c91dc8c012720474e36d37cf0cb0c595faa0ae6ec32264ad9ddad95716cea75273648f4b4f73abc6af98cb0b73a2549e10f3aa387ab939c671df8c58fb1bff009fcc3e2927c7159ad6f361ae3ce5e5b45931b6db08f9aaed9e9e6e90b5ad99c8f551ac5cf869ee29e3862f59f8d721c5bf437b7bab5a565d5ced577aa6fa9bd787e2f3ecf7838708ede708c2338e7163a49f3f69c23b74f248cf2321057583d01ef8ca1e5a4b6f04938beac5f847620a7ac213cc96b8c3f692791cf1807512852308efc738dc749318a501b5e4f7d7f45656ce7422d9bd5e7c3b1fe4e44fd9a754e566cde9fb53f5a9d473233d3938f4852f17df3edc3e3edc46118e04f423fe3f30f836b310c396b0e5370e4258790894fe45b1534fc09f045cb3abd958b2bd72d9116cb49af83594faf47b5c08521dacaab6b85eb5635bb240fc671de012af6e3b1c387dbf655ce1f7fd9c01470b4e70cbea6b17394b6cbee1c2fa8e1ee4f7cf38df4e381270e7ca94870f595f91c71c620f0b79debc3d5c79c6fb21977bc31d0e5c0b482cb1675f226468b2a79d969e96368b4f4b7dbc315b47aee9afd56c6dd9a16be560a79278cfb4e7dbc91c60ed9fb7c7647fc7e61f0dbff3c37bec736b83715567aeec967ac5b71f59275b814754768dcac44ed065dfc262f2baeb5e3e9d4aa5b0b2ff00d47b017f5fd1f60aea98a12bc1f87fbe709e02c2bd8e1c3d4015ab83d5c919dd048ec7fb0e36540b214b65e614956719d1d8e7904718beae78e73a559c611c0fd719cab0ff00d92a2194296e18bc2d6120325cf9dce9422d655851cab863f87635b9179797136baadf955f59a5ccb2ac8f0ed6aa1b1f4ad93c9e30749c233eec3df3eece1409ee11ff003f987c1759c5a3af0879e4530af12a50ab7ed66b4dc195a8566a7b164c8e9876de9ecdd4da3ffacbe9dea5a7970d8fee3f82b4725695107a8672e12f9e08ff00286ca96165b23edc253c93ce1c3df09c3ecca93d61de1b32392f96ce0462c2904f93e48cf3802b3c9e8572461eacfd1f380766f94971fe5b0b572c456df46c562a622bf22da4043b1eeac2be9e657560acd9af64d7a3d3bf9a048d462b90855920a708ec0282cf6f6f3edcf18b09e11ff3f987c455a445214bca3a0b7b77dbbddcf4f869b46ece8df0a759ac557c69f47b3c2da248f46a8a9d7aa4072a98e3dc7e00c39df07b92aebb6b8a7aa85377286fbdfd4970d3d556d0dd71994f20b2fb6a7b8656b7c37c39d25070e109ce543d8e75b9c72ae56be73ab09ec70f8e52411c13db01e722c54ba66418ed21c4241c187b60c602badc5a41ff00f6dc88f298be62940835d0645745bcd5f79c9ed4387416de9ec3635e65ddaccfad81e9ad60af4aa646152e0c71a8a960a1431c614071db077cf017e11ff3f987c6a10f489ca93a940ae9ecc2f4db77a8d7e1695215434fbceaebbabdd6368bfa1f4bf479947ffa629ab26c36b88622c70ffe038eb6c07aeab6387bd42a969e95eaceb70f1bf5c35c5be8f56f5b90b1eacd1a1b67d70d4d6b73d63d5499fea243b7448f55b5b86b7b64fa96d8de5c432e5ac79167ad6d0ddab089094330e427ea5c29433d0acfb8e74e1ce3db8561cfd9c3ec4e78247b11d903a718909464d95f2ad7d59f772109e7e21d61a4e00a4364623a51804795967591df1b168f610e15c6c947d08a7d6f599b1a2d6efa88bbb50d037522975b4325b935b7d6b0e82b755ba4ce71c621b426351ccf2b8f3a60615d04f078e317ff0008ff008fcc3e255556d1c27e7d8c3d69b8acce3a15eb7b0d6582ead509ed7344dc6e2a96e7a65602432580be90dba9770e7ebfd8569e1f45b59c945757fd3dcaea4c3b3bcf46e04abedef4be66dc2a42c7c9296811f97243870baf67cae72c4e4b46caea458bc2538d1d6ee244198f4a4bafebbb2fd52d6ea5d86dca6dd2df82ef41052708f63e01c3870f71cf738acfd1ce3800ab1678c0bc2be70ad3cf3dd7d3c85a8e0ea38b5ab0f96584ba2348e85dc89cc5953af6a7d8b2a0bebab0ac91650377813ee0c5d7bd38ab8a9bea8953b67acdabe087b14866d59bbba7aa656b676692fcf31ddcd25f559c04ec932fdc6e0b9264bc8534e39d9b47fc7e679132ba1ce719b37a1d9c1ae6eeedfeaabe82b766dddcb8a6d1ee9fd72f6d2fb5da65557a93793ef285122e9f038c79d73e471d4c5c415147b8fef3df1053cecfb343a745f7ad5f43967b6de6ccb8b51327388d51c910a6c3830d0b0a742d096995c85705de0857210be0039cf2b052b30ef1eb686f58c5b68daaee9fc9d6c094990b5c3fa76585a9f5fda4739d2a59e13c14379c7461ed8af042792339c3d89ee3abb73c61383cff00ce7da490a079c3885ab8f249483011d6f38fa508bc5fd62ed6b92d4ab75fa926f2a44aba6e32acacebe9ec6c033536d3aa605b2a5b4e3775225523d6d4f32fea7667a0cc81ea74bfaa2d596a8758b1a9d36a757d9b6cba98f979d724b4e06d1ff1f987c7a917be9f6c356cd222d75b758af76145b59558e2e53cb0654a58a18f2243967b0eaab875feb45d478745bfd63b44f6d0c6af947bb51c8adadbf87b5187755762e7b1ce78fee25281ea07a8f53019bfdcaeb6895fc3c768ff0006f30c8d7a2ea0c5cec3227499929975087d25eaf8adca7974b3271674b495b1a4eba44af4fd2b2f697b620bf43b1305b816dcb6360a272bed62d8d7d6b533f8fa391fc9c37df65f4744c464a94a8d9d129f03e303a5584671870e1f187c13df0f62061e91fda4601df38efe423b3cf34c96d7a72986762a79d2255214cfcfa14d9d7bf6b5ed46a7facf924dd38d30c5d99e52c393997e7c6b682e5fcab18a8fe9dacafa8b1b2aed5b5eea988d39171bb59edc61a2c3f897aaabdbff008fccfd5247b8d4acb62d67618fb42eb9975b8ba4d1c285275b8a85aeba434bfe88aa91aed1fa552b66622eab653a55b51d6d4c26e529859d3eed74f5bb1c8b5d6b4e5c7ac4566da9993478fee716db0dfa97befcb1998b71bfdda29e352657aebe196fd4cb7a085676d2ee2636bfb0c779f5a2aa0c60677c0dfd7d875b33a517214c575d64ce830a438d497a638b6615f48e1fd925716baa6b774ba6d7aca96568aed6d56b75962f3ab5ce52e7c369b0c74281e8e73a159e33ce11dcfb2c679c238c3ec3b13edc7200e30f56719e0939df109e710b6502d6e21b109cdaa545661ef7e9fd9e5b1d2da5caba65d6572a6478d2654e90198330c77a05154bd327db2e21d8985bdb23525aacb776aece9ef36d36746c2e2be11f47aafa5be944db68377bbfa9d5b0e627c7e61f178eec9668a9622ed5a1d7c3957faeeafea06b5298b0d42da65b57b54885aa96540da4e9bba69b6dba31222ed77db56a579aaea0ddb8541a2896d6152d583b9adbbf42cb17bb75ecaa1deed2461374586c39f1fbb8eb2c37bcfa88cc36748d0e7faa777ea0ef7af311764de2c3616565f7d65fe86d969e586d1c2dcf9928fa59043307a07d1a4a13038c653f1335e54b11bef61b7d2597969617613925b5db4843236d910c53fa976d0e4ea3b6d2dc0aa2a76d7a52c3283c8279387d8fb1e9c387ed19d3d80c58ed9e317db09e4f903b67920700f6cfb4e061b02cf715573fb6ee4a982504d8b8e573915985394eb6e475994b75c8f182cd8d8161f75c7264e69894fc49a1ca2b875bfeb47e033235683bad47f27aed495b3a1bf3754a38f1d76b3bd3fd2648f1f99fabbd56089b5f5575ac8620ced3b68bbf4bf4fb562a74e87299bad6aba9f61d5e1d3d9c06da6d843d4505d7b65d4a1565f6914244eb43b0697bed9c571895b5eb11ec511911e8dca7990e3d945b5a95b83fb376b871d667b53b61d92d776a3ac8b6775616b2bce1754b35b4af4ec9b1e3a1e8d549f8cc548c0b4fc8e74e05f188771b3ce464257885f423971ac98fa899238324a9d64c55743919c690ccab0617a77aaf26ba651d9d4de452948f7fdf1870e1ef9ce11d805621852db158e14468b1d05fae6c373e3fd2c9661b8fc6622aa42dc69485f9f6fb4e7560ed8d852d76101459d8be18788869992a143d85a9f6d02ca796e5275dc9f3bea305a2c22fe3d8d1d2c5644760554cc7a3d8c863e245638b9d5d6f026eab62b668f498379376d99b153ed3642660f1f99fa284ad0b42568995d1e7207604f238c430da19f6450436ada6ea8f41d9d98332cdf5eb95efd7cda2509967a3a67693034e17f4de9fef30e653c0de74fb1722cf8f38e38b6da6fd45b5709b0bab0992a63e95bc4e13ce6b7adbd3972ba6aa12d6cc55cdd99e941cb190b4373a421c667b6fe7472107a0a0a48d2b469db0871dd7f59132f5c982c28d9b00fb0e4779e0ac2ef60b033e065fc5d132eb70a45b6aeffa6deaac5dbd083f79e9039cfb48cf04f7ce8e4b70dc2b1f471e575ff8fea1b442b6b8487bfa93e5bf3260bf71196cbb5b5a88ed38e067e4b281c21e8aa462c7073ffdb7e6e6c6c21e45bd66da1dfebda6243d6b5d4f93af3eb9f8cb8cb953025f8f573a1a2c26d12652e4b0e35490989c2a65d8d9aec2e63cd9f650176b45a9ccb36423546a04cf51bd4dd8a7cfde6e764a56a28f1f9a0ff6719c671edc7bfeb0a1b2bc634ba9a57ad695b433a06b34d1ea2054d5d52079dd27a90fefb671571afa6285978c27b6afae393cc95c5ac62f2f5532638ef76ea653ac394f31a79e8f2985f438814e2cac2646f4d1b8e1987a5d511b8ca7dc9f70a94ffd675e19dc1b26a0d9b767416d0c38ea71731b688b871058d854810ec60cc8cba37a29d03768f6b00488e0875b383a7a3ce1e93847661853af497551dbdacbd1d1aacf6e43764a4d2de5aee2a768b5d9f716bb55fd8d38954fb355af61d8bd42adaa9316ce548a97ee997eb2cece0ca7a45fd63b918b8fa1875b90d9ed821c09489ba947454db514a912e0c1d45a7d763f4b26ce646d6e9edfd42b3934b415dafc82bf53a51dcafe2cc35d4916045a286c396d676b630d87a9c5b4ad5feb67ced5e9f5279ab5deb467b6fac2c3cc500f1f9b717b1e8264ad8e8e0458affd533fbff62d095218692d378077dff7679db695215fd31725936495b39ad51aaf2c03ecc062dae1eb15b30e658c9afd42b6b90f4a4a08754724849c9e53f0526ae3d2ad6ae6f551f1fdda38236f86b316d99948448e70ce486c5b365716f12817dabc3d858874f3a639322cc8afabe4616dbfc2f5ad854fbd161c3459534a9d221b6951c25c07a7839c778c5b02ef669d5d26e6fef203d5bea648a3776dfacdaf6bd867eb1aa5a3d71b3314353634359ad33556d4adb235da0beacf556c6a351d9e543453596f1616b67a458ff2baa2f7bb0bf728f6879f870eda1cc01d7da66d9db88a8bbb6ba75c5c394d4555dbd5d013310258429f6d723ffa4f4b25ac37652a2c599a451ec1f4d41bb54e9ac54ceafb38db16fa9d2f4ff4676d87b0ccd8a62515353eb0581bebf950762b51e3f36eb7d61fba453fa61ae6e3697bb15650ea1b841b6621db2a4c8e7fd07fb3f6066efea04741d86d5976cac2da39a47d6a75c8b15e9cf43f86aa32352db2eb237a5170b31b42b2828fe909e8c3a83bcaf55731cd55be354d4aa5dda3d4cb3fa8d8b748ef485c0d72faea545f47ec1058d235daac9baa478addb6a9b04c7e7c5b7ac7a159ca8ae6b166a7d1b8c5723cf47f9d6e53d7c8161af7c10e1ca7a39d5ec59990b467533ab78f8088eae85c6eb73fc8168092590a6b2ff5e4ba8b80f6c2fc9d4aadda60ba7bac441be14f71066354d5b4b26757cb90edd6dd7d15e15f302ab998d75652192c489930daf46abf50a635b17b1f59a3b1dbe969e7d14f953232d11e746d960f5c195b36d459b0b88728a25397ef59afe2b9ac763ca9324b947716574f5e6db617b4102f368d8d3b0c9d22e9aa5b8b99f6d62fb8d223e33225477e7d75c315936b273b443c7e61f1774fb7ebda2dc685b0555056e8544b861870d87a63aa7f4cc380fc8991bfd6f3adb0dfa89bc26b1cd92d21b0e3f2b96e6caffeb19f996f691e8c593f1aab47a3a9cfe3a3b58e16c638b6f979d6799252bc98be04990ac9978e477dba9db3647cd06bbab899b24e90db67947d525125c9ccbedf3c3cf2db90cbda5c17deaa5b7052e4566fe31d3ba10e6b729a0b833239bea04bf9413be95ff4f761fa1b37be95f2c4c516db2959723a9d288ae2c987d08dd36f985fd4a0d4d8c0daef21b132876ebdbab89bb0c19861c7ab815a899b06a9ae5056411a1eb74153bdb7b5689b8eaa8e94842cb6327ce6574ef4a90fc6a9871e64aa9a59567b3ebca55ebce4a950ef2d7549026ee345aed2ca7e16b7210bea33264a8f6335eba9506cf619d1c5ac9a1a55d5335305d729ace9eb2cae6ba9e15f7f5746b17c152a198f32970355f5d5aaae937011ff001f983cc5b3aafa4f502b22d3ed566d4a77359f53a9f54aef4cf71f56766636e57aaa85eb1eb3ec4fbf0af6a6c648cfdff69f6f523768fa7429b7af4a98e4a71dc95214ee2d12263de93fa26dea4d2e2b64c975b6b1e754b12672580f59a8afe7e70bbc6183f38720d7b4cc65c1879b2efea690890a5b8f4c65871bb8eb73e82f241451eccb65cfae69f667b3f22dfe08762dc65519150614c4ba1678c3f19c7a057be256814330c6a1b6a544cdf5c87715bea357cc5d7dc5a4866be67d6321acb6a376d8edac2a66c32686aeabd39bca795f06dd5f6d0d97ea5544fd6c1fafb89346e73b0b12237a7baed748a3b8d62557c0802a69f7f377acde539ff1ca30e64cacb08c1b41a4b88f0514db7cad72f29adada7cfa787476a108f4ce28d9f6fda27328ac83fc557b11ce5c21329f7d74a8ad62b2558a2d603353676f1d9fe1e34a830a14d1142d89098e24c348420290cbcd4e8ec8f1f9bb85c3dae54d7e89abc3af72b156d266a2519ff2b8d1aa90943f492763834fa7d9d3d8d1ff00a36cda9ea2cdc76a72cec8c8ff000f5f18ca3ea5ef40fd32623b0471929690251e727afe244a2ac421281d7c0448e8c7ae924d96c8acb3d99e532dbee2dcd6f59b0d85885a06b758db763534adcadad58e6cb31d08d85e0252ea66649a282e87beaa0498562994cd7db48c627a9d417544fcea38894e271894939b2eb716fd87cb7556b59b44ad66cf4cde58d8588731e5bc7b8669ebe387b5b4ceb2a1f4e151e052c5b5adb59f50deaee699aa40d5749936330567d75a1d6c51d6d6699ea7331350d7a0ea49b17bd46b890c6ae8d5e0db42fe94d9be81f69256e7c21c84eb8871f98e478d5f3d9469f2af2be4429754975ffe2692c321d733f22026c6531163af18b8baa3ad441bab12172be99f911d718165a65c76be60a06a0cc97afe8f3f6b85a745a375f4f8fccfd6e346e6d79ba681575959e96eafac4e7f6aa94ed9670e2d6bf31ba7a3871349d9e1dc5955fa97abceb40eb67fbf76db53af43dcf61517de597de52fadc03acfa67a5af7bdc834cb43ade33248492f8eb364bed27a518e1512b3c64f989cb09894a24d8f392a6254748f4e6758a1e94cc3873e73cf992eb9d0a7559d6e0cf995c87de503d3c4c86cce65c448a5990a7a4a2be7b8d3cc4a4be80befd6938cc9eecbea58deb576ef6043b58b00d25fc58b714f757522356dada06d1314e93f216e33496196a3a5893263b321167013630b67d3537954deaf5b6cc6c92133ef20ae75fefec3b5ad228a53ebd8aa763fa08d65b5cbbe8caf4e2bee634d8132a97fc9cafa36586cae682c2dbe9b19afeb9b60d6986662197fea16fc043abb994efcf2b5e81ffd6cda5af85b0cf8f1e2e7c0a4b733e39143adb53652dcd7e6ddd96b14fb5bd3249d536f651ff3f9a3a48f56244c9153134b8f34c1d9367a6f52f7281a86d73a4b4e452c0f9def4ae7d67cb19fd99d580ae33f5ed36745ae8bea16f2f58c995f30cff90028978a638ffc61d713074ec5e4c0a42df63a0591ff00e339d44f42b26ad472c1f4a32629c5e374f6166e693a257d62e658a4227d8a895bee1c7fa8e1ec0bb9ff00e1b2aeb6d7d90ea726c58b6715f873a9df8731485c098a5a10ff005842d5d60739197dc1501ea351b74f7e17c31e9a5edb45854f21b9d34b4953f9ce73ece2709e4bd25b8a24a23c0be6577daf45b0693714d7f5df135090e5a3137e8446d76b1bbad75fdb62ec8f5b52c32b6d1f2bd3d72644dd7ab9b9cb8731e6a65adb3271f8716b83e8547b087b5de6b70a06d17ceb3b52d3158a462be45ccd298ae5b9fa5b67ab1de84c7bed3ac58a0b3d16f2e68f5315a8ff009fccfd0e940b5d7d362e6eba9552f57a472f6046d2f548fe9a5bdcd53d3b582c3990aced23af52f52fd4475cd763ed1f41c2860c383be7acfbfa4e4a2aae4a3a5f7bed74492e358f212b6f46a34eb7a362c63e12b44a0a396cd7004552c4a4252dcd5a495c554871ba04ba8aca766380fbc1998ea72514843cea518e3ae15f4592c2d8b204bf21a2dca6c630b6ce211d87d99250dc86dea94a0c5ea8ab867ac01d20215c45439d68cf556a932b5acf47ad950762a9aeb2d56f987db90cadf50285a979c2715e16be71f77a032efde6cdc5584986f3b4c8a08f383efc8a96ef848101f82f2dcd914f4e629742956e8af8b22a74f9b0ff00a8eaa55449a962b22b6baf76babe82e7d337dddb236d5e9b5e53ea56b67653c45a94dfa3667edf5aa472d6caea3334adcca901ba985aa6d1175db0d93578f4ad6ba2b26c582ebdafee1ea34fe86078fcd1e0f51445d261a1cb6aaa39037bacff00d8f7db1eaf0b54ad6fd3bd865d648d5aca825517a75f5b4da9685ad4184c456639f6db6e22d250cdb1f9de9f294fb919a54e79b5a675938fb9224d4c066cf615fdbec7b64a1fe47becc9ec7289ab7108b67d4bc5b4a7723456d0b8d1f10c7d861b8fe1a0fa80deab079fa0a96324ca8a0499cd82b98da7172a3ac3ed45918e54b7d623bcd67dc494f1880d9c7a3e307a3231f9500766d1c125596b0d36753c282e827b95d3752dd2ab62a2a69496021d056daf8c71f282fcc52f10b701796e3ab67a79b0ba6d873649533f8f55a39a5c2808e8b57933244ca4f867b971a72987a7d1b90eb6cf61bc80c5cc88f3364d9fe8513a6e85b540afd3aa757babea4a2dce9e7ccbc5478bb9d4a6f3556696758d4d1eda86b2330987382de459d1516dfbadfd6dae97b6c7d423db6bb5fb3c7a9d535b854974bd46b6b1cdbde1e3f3478c25281774379b7bd6bf4fe9eeabb3cab2bfac8344d4ca0856d69af4aa1acf4ada1ad31b2ee4b851e3c58b8077f59af9fb195b73ee1b0796a2b718fe3a0381c61a317a1bf4963c799ea71f3871e1fe77075a1c5a96dda87037611d4719838dc7fbe043e82dc7ebc8d0db4224adb684db5791932fdc5adc9f8e4a716173144f5a8e1754097559f2f2023e51f167090434385b1dabdd70ac0571d1c95f4fc6da12862f184c3be6cb61bb38b69a90d46e1bb8d61b754d3c1d500b3f2e147057d433ce4a8ecb502eec60c3a972c1bacadb4835f2235e31052c9b19474ea69ef45bbf517668ba5d85fcc9547190c59ec77b7106a7f898d0d98142c7a4d7174e5ffa3f5f7461dec7b6675ffea188bf50b66877b6cd9656cc05aafd89badd09b8b6b6d3e650536f1ac8955f59a0d156526cdb45eccd9e8e23b470dfa199af6d0ee9701f4f8fcd1e0e791fb7c43617bb5fcabab2af8bf5536a5f6e1dad0fa83e97d90ada5a27d885ae6d0e8870de8a8bc9e9aeacde6f241be8519e7c57c14b0c222a573df694bb098fca8ae7a121367eaafb2f1e1ddfe919f129026a14fe187d0f31155c330d2c0622a8042395f5f06d6c52bcb3b14f326424ad6eab1455c05e091c00bfbdc29043bd2843a9513d243885028ea0b2b56361204677b36d28947c887dc2940db8246d10d69f835d6a2dbfa4fe9748915d6cb0a6b0749c05580e1e9ce8eb5db3f31f5d95055b0bb5ae9cb862c532b58bb9ea99b431573442b434bfd457bbb7a677976c6cd70292a654a9e9d56b2641936577ae6a95917d78f4fc9d87d44d336156ef6ba1b5aec0bebca5ac6e7d5df6dd097221c9d3a655f5d24e7a96e64ee973638f6ed298996bea3d2bfafe99b53d410367b879da9acd1f4dda031abeb73aa478fcd1e38f7b03f2b76de98d747b0df76ba181aeeb1e93d5db3b5ffd2554e685beed489d16736eb1d761f27a9770f4585b14aeb9952d4c834d671d9aa66b1afa57ac1a6dab89eb79133ff1962bcbdebd9ce9c7b9e6714b479f9dbfa74a02e2b7d6dc3fa701ae71cff83214d2655c2508b4b56c8992144bcea8621d6d685bbd010ee1753c9755d7d6e15a0f2db3ff00f66d7c360a4e7093884271b1da1a3fc880aeb2528050939b98e36bf0358b8af8be8bd1c599596a829f9b848cf19d584e2077bebf7a9df937f5770c181613e6c95c5a7b68f054bd20d8db5d5edcdeea51e21d86a9da633bf8e5b179b942d975ab8dba756b37ee352a9a2d0db6c971e957a5f145f7a0b690f2bec378d7ac2b2cf5984f3d21e86f19cf712ae2648587d2c6190e1a9d757656b327dd4ba2deadad666d771737baab59587ff8a8ee9fcd1e3d8e73db68bd8288be9fe9765716acbb4b0f71d4911535fab556e9ae4615939f871a53873d4ed8533b6aa7a3fea3dcdc8aa3277090e4a5ae633f230ea7eb262fe795ff008c4873fa87d97d471cfb42d0a319e47f82616d04b4a421c4256dbeff00d96131986b9566f3b2ada7fc4c3f31521c79ee038eb85087d5cad4a580b505fcaa21957380f642d280c2c1421defd6a28640202ba0b684f5b215d685708084bac91f67a8038dd3f5e9250426ab5b4292e32d25804678c2338cf95969edb6741912511ebe65aca793af04ddbd66cc1f515baff4f11f358dec91570dd8d3e9e0b9027fd03f2654cdaab6f266c1a70d5169bdaca7d6ae27d559d1b8d4cd16fe2c1b563d57bed4b29f6aabb18bbee8d56c4b71a6d8924c886b5afe55f0f2322fd421cb09edbf31f5a62c08731b6aa9c8b1c508f1f9a3c7b1c3e1e831df95ea06c36901fd398bcb18df057d7dad56d2dd4e6b3b57a8b0f608099ac44dde0ca828f4e5a678d92e190c3eea42e7ba976c10ea7a0f4ad7ff008ebf1b441ce7167b2f0aff00f8c1d4ad7297d7265484ad85d8c52cc9ba52116166a74ca9ea4a24c97165b5a8638ef381fc25247cfd79d5df94f016a19d6ae79fbd97f187dbf99b3ce450a0cf4e46694702140b6520b612038393ea4b5f06ec4f6f49e1d61d2ab989554fb3f7a07fc7183c0428e6e663ba3f8bd62d13150ed75d6c2d373b51a7a591b151d3eb2e3e2e02ae1aaaaa79a97ffaf6f2c6a4bb74ee504af9e87f95fe6069d457502a67ebd2a2bdb0ea92b54b1b8f433fa96d5dd6973d1029686aacfd40b8fe86d5ecdd78d87d42a405b4dfc8becb0592be87160bb56211b86c4211533b5b1e3f3478f6384256004a11351f46ff00a8fae6b5af6bae53df5b57d4d66e5b433af69d2ada053dada34c7ac11fe0d174cffeba8252dc953e7ad3f22d6ace8e0829691ff8f4fa7a03bdba862dd482e3fc8992139f50cc586f4e716fcdbc6c30f59a7aec2f1b5a265c2b87e7f6323acad79f2fdff2f23e5eeb29e5123bfce923e5480b7dc39d6a590ea90e332145e624294587d20add515b0b50083d78c0485b6b490beebf53ca57bcfebd185b72b438a391c2411edc633d59b6c0495b901c68d9d7479886daa69f46fef7750ec3f8dde7d4c93f2c880f3f6b22c64cc951e0b9a16c9477f7f03d346e82aa56aff537f5952f4fb9d7295b982a63ca8110a1975133689931eafd4abd86f68a291bb6b1b9e9da8fa7ab8d162ce9b3e3c8464c86b8ae709c5b4a41667478b60f48faa9287d97dc4f1c7e68f1fd9c38b5dac7a98addae97b05e5fc5acb914bbfccd6e0b1e9dfa9bad310e551d1de23d54d7127d3db831e0ea227b3203e7ad7cf70ea8a03a940f4324326cd87d4595bfc072d51f5526527ae4cf7242dfb36d6cbd70a5a1f9caf8e54f51c1239c7ddeef2fb75abac3ae62d7ce75612a19f2ab8e55c877b17f8087f925f483d78c3bc38cbea42c4ee046989c665289664632780875b017df37d90a95bb0f1ff8ed2be7d5db6b800751e338ce3089c113eba54f6ed757723c9d8a3c39747536b5f5758f6d74e8724ee5b7ceb05cfa4bda9152f5738da153ebd89f710d33af366d659d268ad68a73f5b7709c64b3305f59c7ac646c965ea94a662c1870d685035f2be07bd6cd419d86beca82d2a669621a2c2c2c5e9d6488ee3a50c2888c12021d8b1e1c9436200f1f9a3c7f6ad1c8d8afebebacb60d536ddee35257fa8faa5ad1e97afdad240d421c06f6780dd9eb5ea646547991569f91cf8f93d20697e9c6c5b7c55d151d38d325268f7384ff005c573e32b7df5204a9e9f85e9cf3a675c47622ca989619b29492b796df595f771d7095e13c03e38500838569c1d447f939404807be73c603c942d58dbb81f50c449515b320f11652be38725b5864a52db3d3d1f2f4659ca54eb3467fe364a908bc6c288e8efef3cc8621ff002db14a7d9996289767325c7b1b6d8664fda77ddae1c7d687ac17d6d0b5a955f45752b5e9ab84b9ccbb6a9d068f693a339aec2b0a4aab7d2112dd98a11667aa57f3eee2c8dbee7f9c83abcf014c175d6c39323ca6b292f62cea6dddff00e464b11e1984b62c1f67f89509adc3af8152e1575863922b20d8a07fcfe68f1fd84a501c94e3e188553a846dcfd4bd6296bf53a9abf502b3d318b6904e11c8df740996cf59e85750cbd05c439a7ea506fe65e6f761f4cbb364066ce2217ad4a54ca32541e9b33e06ecacd44c99cd844a90e2deb22c8c7fec2e2140138e76cfd1ea1851dba3031dd684f3d0ae1613807016d2867c59c2709e7075603885a702fa72348e1b8733bc69dda294a86d574dd76b43b62077ff00c6569c5d836739e71630857b4c98982c59db52dd076da029fbea779f8b41b1c7a0dd2d774afae453ec3b7b519c9fb0cab513f627dfdcf4c6e0af5f8daaef722c2a35f91264dc4e6b2a4dc2dbda2fe56a949254d5631eb0a94c33e9bed4deedabbc96f9b09d695025fa9ec6a369ea953d5410c955764cbdfa70fc89902d6f22b75966f2d203721c0dd834e2218f1f9a3c7f62c2480d371d97b5bbab78ad6aba40adacd2e55ad0ebd4475e460f3b08b687b16fa6bee1fb86243b319ac8fae42b3b56628716e4a79b0a40f496f3eab55717ca2da4708b0759631f5b80bcf7c4b28517249e85b83ec58e31e0e604719c614f73e5c3c01df38ee4677c3df38e09ce8e4f39fa0540838c2f80c3aa0601ff0032244cf93d5898a4538c6f3ff1a2b9e4502070b0382179f69cfdecf75320aed213370c8a94a5c833abe02f6844a3b0dced7ea8d2ecbae688a4e93211b054cfadd5e1ed771af52c7951f5aa3fe847a751b8d428b4f3908d490cc7caf952977db043d6f4599324bf679a4224685b559416d62c2b29df161671d88b53329a8aab67d66a61ebcf31f54872432c6b0f2fe05bc1339e5c36573f6aac4d1cc1e3f3478fed7d0f3addb434c781abeaae514ce547fb2553b732fbd64692c6e1f5f22c567a46b76655f24598c8c7ace1fc7e8dec3c6d131d4a3263fce4d292870a4c978b2fe39e1b69b74b884851f2bcf3edcf73d442fa7e30700cfd8ce33cfb71dc8e49ff00bea57283c96ca8e45f35839c861c04cf6ededb7dd39bd79e6fc7a2f58ec0f4e479c039ce38f6950eb660b0a28f4ec59d8a66b16740c96e8ed60ca6762d9beaa6bd66f4f990ee9ba593a9d4316336fe5293b2d3dc55c56ecd8a98edd3b57089325ad56a6b6e96e5741d8bf90621de6b75faf5c33153b4aa2b4e355f651a0ad1be31220ec54fbb56d1a2b23df43f4fe0ecf5ff00d0936529741ad09d4f27f88b48317f897174df4969275c1e3f3478fed39db07b78f798fa62b7be58b93361f4f3574ecdb16ed557da3ca9b2a53ee10af6d267395d7f250dbedcc8ecc743d1dc7cb8d271e2a2b5c779d43823accae9405b1cade4741384761d8138e73d1f71083db39ce702f17d3ec3ab3ce719e03078c84144c277efbfb76e8e828e62422f1872ebd3cd0e89cd9765a763e96b00e4f4739e30e1c5b49746d87efb5b1891e55f6bd0ac67eb94f0eba4cf7be1ca98da72dafe83d56dabe8ed6acd26c56b3244f9d71576925ddbaf6b58d3f6895317713e86d720daeff774b53b368ebaad76fe92e3578353158257d6dc987ca36dd1a8ef69ed7d2dd99161adee5bf467fd4ef4f6e3d3abe4f53ef3771571e866dfdc59d359ec9530749ae7d075e478fcd1e3fd9361c79f1b68d7a0d64df4c6b1bb1dabd58b59c6b66351565c29f6a95b8d4ad496e58e9f2a3b656ba57186e6c5534c086ae64b4e3a7a5c8b9f12487ba4b8b2924e1c079c27b129ceacf970ad4739c25584e039cf188cf0b3d5c23ab96da52cc6e941a68ff29f516e3ebad603ea8efe9362d973d06f4fd55d3d09e8403c67270e7ddec83c1dda3bd1df3e9dcc5d65e99d0170aab5c44afa79b6ae6edabfa35ae3dabedb6466526c37cc2dcd268671bcaefe1172f598b3ab887a9f45ac5d919b41694573656fa4fa82b7756d8a5d69aca7d7ea6c3f4be785a19050c2d6dc38f597f53ea6fa2d6ae51de6aee6a90e9b574dedb3f5357a96afb85c7f535fe93adeb347aba39e9fcd1e3fd9c24893abebb31cf503d34bfd5ed6ce44a95327bf2a4128ee7be4069ccf49ff00cbe974c8e919320a56bb0ac8eeb6fc5e4391db433322a96b94c2463e0a17d7c9730ad39c2b16317db39f6e309e072a39e41c1d383c23a4e37d3c328fbd08e0458ea267ce6f5cd74ce4be62fdf9a2c090b9941589aaa7fec28571fafddf40ebb999ff00c5ac5ca9967b14ca58f1e7ea51e2ce7fd4bf874f3535378b9f0a83adeb3d56f6ba14cb179753a37feb9759b5de6d2bb621b46aff00c4ff0051cd4cdafbba2d7d141bc487998b3ab6da17b7c4df5f1c9af5b6d1212b47adfe9c4aa362a761914f61157acfab70afa8ea6ebd40d03d3fb21b50ee3f3478ff00678c595211b0d1ed1b523d43d135fa9a79f0d314398721857c1e9245fa7f4d24a13c4a619463f5ca75e931feb1cb6ae6588d362b6b3360b8324b4942dfe9eb5ad470948cff00a04f19d6af6e78cf3ee3a70e742492857218490da138cb0ac618eb35f0d257eabd9a4bdf764599f4e3d23d5e73d527ee3edfb6da52f16384738717061bebb20cfd1cfbff00e4577ff51555945b1c88a769bd89690d8a24d649ae96a9f1658ac7da7b74b08165aed75622548a5b1db6545aabfd0adaf2a615fdac2deee59b3841cb96aa44c11b0611881ce20fc0614090eec573a96b7b1b9eadfa4752d43f4a3d466755be7e739062ef4b915daa23fe7f3478ff0069c7828b3ea4ed0cdb6e1b4438f0587c29057e18e90ce8d1d30f4c710ac92c2885c3fbdf612eadf8eda04c8fd02d7e941948e8c716e2cad7dc9ce70771f7673c615ab394f3f71c1807740ec11dc231b47050d72586395c31d02a58f95cdba67d7ecb9abebdfce4a80c262b7ee81ce213c0271cff00bc7e89c94f4daeb08ec311e2d1d92d88b3a8b6192761d26b77db016d176186bbcbf8f570d9bb624896ba54ec6cd90b88d12640f4f5f6f5591e996af63b16a15522dab754dd29e6d7417a54884d486236057183a89650918e35f2e2038c2b2fea9bb5afde7593addffa2db547d86bef28a2dad38f1f9a3c7fb876cf5475d7626eb551e45aae6435475f01788475e563498f016138b0a01c1c898b8ad64a425d45aac3ebb36b872c07f9250e16e27a70a7b12a1809c0791e70f93d583ab074e0c477c4b5d9086f80d24142138c21bc63cd6fc6d2e57df250393ff8fda4b6ed67c49420f9e0e71885704bbd90b515bc3b649436b1734addb5c6ec6a759af662df357e5fdbea452224221469dacff15b25c69766c4ab365a61bd0b6486fee353a0d753699b0dc48875f55bed4b348c7aa3aae46df6c10e565c52db3610947b019c719cab8f9d49ceb2b0ca95d0bee3d66d1dbb58daf5b596b37f556d0764a91e3f3478ff0071cf5b75b8eedad37a5b476b9eb87a6953555088aa2fd4c14c8d89a5a56b5ad284495a56cbd29e690e4f4c765e9cd945c2e4204f61245834a2e4a43885b987391ec17c61eae394f00a41e52701e30601dd0beecad3c01d91d2430b57317abaf9e887f3f1163459128ebf411b57a7f39f1270b0ae78c085287c1db85021d4907b10d361e305bebd8759b0ba8ad4e7a286f68f4f368cd474899516afd1a88b3d5759619d9296923beb9f7d5d29bd5db94dae75f3f12b2d37bfaaafd6eeab27506e56cebee34cce5b6c2539d0d91f174927b75606bb0ec1b779f6d8a1b7322ef9acb7ae59fa15b8b70e50f1f9a3c7fb8e498f16730bd4a5457a3eb507eafd6ff4e5ba29ba1c053bea036d2505cec097807be6e6674ba89316391651d223584598b33e1ccf8e521b38b6ba8adae30b585ae308ce9cfb70018062062071811c60e9388188eae11dd0c14f30cf2b9eb77f835852d7e84e96e6c3b6ad7d67d8e1473ece051c09ec477f6b582dba5e7eead6e77f9dfc74ef4a7699fb66c126bec0b76531a870ae761afae8115d4cf98e6dd6b2a26bdbf5056c48db93345b26a3eb1c0da214ff0048fd32d918aed6efa95d9316529f5a1c1810ae39c23b74720783df107820f227b52979ea7eaf1e443f9d558f8f1f9a3c7fb8e71ec7b0dba95bbda3d0b5b79af56bc173ec0f3bd19f2a4b8b90a420ca7399920171f98c8c5b4dbeb9e96dd5ca612d2dc43602d19d0900213842703585ace380118024e06927035dc35c0434a596e3b9c458ae0319a50366128a0a1a0997f33d3dd5dbd4b561ee7fb5c1df38c0540d1ea97cc6c9b16abb751b9aeff294fb3d35d5a5d46bcd4b70bfb0fe0f75b6b5dcb4992e22a768be9ce7a73a3cfb7cbcad7a94c49fa76e4d685476d40597d4ea31787d89c0707828f68cbee7be6dd5df2c3ddab9ea9923c7e68f1f82f21c2cdfee90e06bbe8fc07a76e6b42b1c5c8192267d85f52de94eb871c911d0654e4b119f7dc437310e93361c8f825318e238c5a13c7462c270a129c28ce1bc0d2738e0fdbc72e1c0b5020f3816e0c43ea390df79390ec7a0bdf0dc6b7e93e8835cadf3fdc7ddceae7a159c718073858c94b79a6ec3d34d367db082cb0e6d17b651dc6e76ed299ddf57abd6ebdebfa7bc62b6bad2eacedbfa991674fe9d18f26ab47a5833ff0059e716d27823b9f1817c613c825c42db29eb1df2d5af959f536a63c88a9f1f9a3c7e16c7a5d1ec63d3fd37fa49b70ab24a324baf34e494243cf3b21a599ee216b76512d88682e3f1c64a98f171f5a7adc4241238242467dc308efc7603823a70f4e756709e7eee50aee0a9419f939616a02bcf274e4a573d969b619fec3edd7dce207073f5c727dbbfb1ef9284a5b0cc78b159dff6483b55999956d6affc2ed53f5dd3b63f536f1ef49aff00644172632d20a1c43fecaf0bc3dc61c071030213cacbdd116cdbb1cf50e82ca53c3c7e67ea63b2986075703f08e3a78c94b6f24f4f44d5f679de3264c716d877b8e0a2516419e22a31e5a965630f4f25693842739e7094a70f49c01b4e2109ce1433a14738c42159d0ac651d9909e63215ce90542cbf5edce73ec700efec7fd0b425d16df4ebcdb67d1d787e63916a7d3ebfb1646e15db23fb3eaf6f0b44b3727452384f1ece7571c77f8d59d3c128ce30f56202b1e3210ca21c513368fa7990c78fcdda23edcb935554dd546fc23e2494a44d5e3ff264a9092cbeebceb8e3fcac3ae0056975b99d216fbad8c797c95a54095a782127107a70a38cff001f3d0de00903978e2d0f61f90e10e6042b076c6fab88aebdcc65b84eab214c592fb1c39cfbf9c1fd9c7f71cbcb383595edd3aa2c9b2d0a24395ea17f1d5cbad8710ebfe9e4aa669e8da4db0b36765a38f4da93f7df4dedc674279e30a39c5a338ce8c4676c59e85bc23c847e746a08b16560fc13872615044923ae52fb4c7d21725df971c5fc4e21e57056e10e29be5c5c7f8df29587bfeca1207da4feb84e70cf1c36085a739c2950ce5273ede476c4756363b35d8b254834d21285f5f5b7ce139cab01ce55ca33f7fea584f334b3459eb64e6e66c4fb5ae4a8b67631e8ae666f1456d1a5ec9b6d7c8af8b5dba6a9aa543d0ec3fbca31678c40ee7169ea437d2b47e6feaaad53329d1b6d4ade8779533e4fe01c5abb3ebe0cc7d5ccc7d2b325dfbdf2a283dc2dde31c5aba1c771c75243ceab959ee4ab0f4824a717db3c8e140f3d583a73a30605ab9c6fbe3679c4764461c8af5f7ac7bea2ab08ce9ce9c03fd273c7f649aeae87226bb68fad74fa6eb32a61b2775d161635373a1cad5edb6b3b1d647da6b5f9d22bff00b0e7eb9ce79c3dca11ee8090bfcebea9b89d1b6dd02e8c6d1a3dd34e7e0138fafb497f95ca75ee66c86d426151c94b6fa1e92acf9f82e3aa282ffdeb7f82569383b95f90ac079c58571fa3db01edce79ce53c0f20e20a8636538d8656b8c7a0437528cd1a57d66b7c6719c6718338ff4f1ee327c0b4d9ae373aed4219db58da2184d549bc9f5c9737441369ae397703d3bbea5d3236fbabbd5b3254e8bee7d963ab38edc7047ff00e0fe878fc159c5af8c9aea7898b656b94b712b98bf9cbcff00ca87c725f3c0e558e749ce795b8b041f2b2d9c01580719f7614611d89738fd1cfbb0f603a9441ec81ce23c33d2bc64a721bbc2fd2a9e9583fd9df07fa8fbd9b521f814daaeb7aa9f55f484bbaefd544d6e8b5f8d74eded06d373553216a69b0a4d2ed58bfd707501ee709c1dfd979d7c6057384e73c8fcefe5665aeddfee3ec717e1e754d63efe4d75286e6bfd193169e1e5a98c70a895f482e21433a3870f4e7291857dd61240eeb6ca79e38c23b90a0317d59ca41e52470a388090475108c4796fa496c246305246a578aa7be05247fac8fece3db8e4434b6c5c7ab6876654a60e9d67b67ab1adda69f67a9bff00c56d75359e9e6c33b4ddb63b9b39fec3853ce03df17d3846217c615f5613d878fcc3e2b6e9c7e4d26fb0dad774cd9af2cc2f769167b5b17f4d31f07b7fa8f6ce79c5ff00dbeb50335ffbe6ba9026adbeb73b870a56e2d6c9493c638391d09c5a1270b5ce11db84e70ae5055c9ed9cf18e0e738e70f8e3ef0308e0202791d4310ae0a0f767e301b5e217c86643683e98ed8cd9d69ec47e0f570bd8aa557f4f261c5ff00d6bb858ee0619fa6bcd42b4d9566b6b9dfd6cf537d526bbdcfb709cffa0b4718709cebc2bec3c7e61f11674cb181a42f40772151d6d54a6b59d75dbb8daf55b159fea270baa38643c82e4a4ba87df4ba1fe97725212d2e6949c91f0b4e3cf3c438871d2f048c28e71c42b0231631c46742810d2b00480e763e70f57052a1851842b02338e308edc28e202862109e51d482da9585fec1f65ac8770e30e68dbfc7d907e16d706ced682b047feb0f53245f6f15532054c7be857fb169fb3eaf50ddfd3d6c8912a17f69c0716709cfde1f03c7e6dfded0de4cf42b5eaf440b2daa0d74d9fb845f50b7636c962ce67a89afd75ad0ec95bb337efce0ce7befeed90454b5060c279de038b501f3b882e48e5b9ab722b9f50c90fa1c4192d2901e69cf8e48570fb1c21e8ea407109c702493d58b1ce2c6709c29e4f42b821270a3a070ace85611ce2d3c60ef80a73ee183b86d0a5adbe946216e01f3f70eb9c0e9ebf97ef873d4c39a5faa49758414ad04e0fc05b0cad1b2ea957b540dff00d368ac6aaf4391017e9e8d8b5dbf616a7591ec4f19cf2316bce739e708c3ec4761e3f30f89dab6d30aea3ea549ae66e3b0d1d6374171abd550e97ea6ecd1e4ed7b24c7e2fa7f717d74c70a0316b4b480791fb2b6d196d1e3bec45ea6193629595c84e2df492f3aa437f2ab8943e20f48792b79deb0ff00c631e6b92f3494078aba1cf24727e2e31613c70ae508ce38ce15c91ce2c73851d88e4909e828cfb412139ca8140483fe30b4164612e2cafab03aae7adce51d8217c9625281d5f78b8d70d0fa81afdd1ff679f7e338f69b0d9b185134bd776787e9ee892b4b19ce2d6918beac6fc2c75670a0711d8ff8ce383d8f81e3f33c0d97798bbb566d5eb4edf1e27aa9aad96bdb84fb3be9d0af34eda29f50f4ce0d85e6c474e80ecaa3ac72a6113961d26483c97dff00884929908fa86dd6cc57218e8667b6a90e3049cfa8e8592c94497e547c5ca64a048f80cf47670f24f6071e5a7e4e31c1dba3ac2fca11c67dbc84248e124947740c5b4ae4b4ae484e73dfedce87380d74605a4605f7e7ac9f3f7675e2028947c60b78df51c8cebc1741bd5f53e557a8f53390cadb7507b00b6d7fef0d37f21f625409ef8d8eac0123d963ab3a0e741c3d4339f623b0f1f987c6c975b058caf4ca447bddc7d48fa8dafd4edbb58db77cb6d7a3ccacaa6e3c76a573ef711e43edc677eaa32fa5d6db94961c9f0d9b12c5ab958bb28498b24c34d8ae4d559411fcab8c63f3a3bb8b7dc386424e388e70baf34494af24adb4194be31e2a41fb4e2cf4e12a20f52f0f8e8ebcfd3988695c70a28e38c2852f1630c7ec3ab3e27423a12560a8923bff00939fd9e9c1d3886947194632d29d30f5994bc66aa8d87237d1b4192aeb45e3915c7acde98b6ef7e8deacd92be7a3cffb79ce70e71ce1ed83fb8849c2d270a149c383c7e67e97e82ef1386b9e88d545ada4d1357a200240ce793cf61ecb2e2db8df5101f9452e86e526c4c97e45522ca326733fce2aba539f0ad98d3d2d59cf8756fbf79ada62b3360cd86844c6d685bfc00b6d6249505ca7d4871c7d2b5acab079e3fc8509383b128ce78c2527161b0421430a1449437d7d1ce142867c1c02eb68c2871d596a3f421a490b433cad1888ee608adf25a6d18dc795232be86bfe6af81cad716ad0117b103d3dfb07c46314c9b0d86be2b6e48b875c47d634db2fa50fb1b23904b7bb5d2d0e6df6cd2ea76dad9c86e543773c7f60fee3df3c611c8467effb38f6fb71c460f1f99fa0559cabdb9e9c3d5c1ec397067292077082f21b727d7baf227b30d7292e0446b3833c4d0e554d62743b34310760a97abdf7a7ae6c69cbcaebf4bebb58ecdae5b43a9ae41d5272f1facb68af2e63685b8fa578e620a73ed257d5c2c771e395007efcf8b9011c903a42fa73ee4e2d7c61f9380c38b2e212804278ff00080bf996b4349280c611ce08ae2c50ea0f5b498dae41aa8a3648501ffa3dae7491abd4b0dff51c1758f8ad90e16a9e13c8bc4ff20cc89cfbcdb0a8e03e9918b86cb088ceb61e79aff0ff00fc989522521755b7de458b59bb75b8cbadbe8c1f77f67187ab0671efcfb739ce73ec717d587ab078fcd1e3ce71eff715a18e10dff89b71dfbe54a8ab0d9671c95c3c27b921b72025a7a2dc392b2c29d4c066ff00ebdcb5fa169f8d6d69227bec57ce8515a99ae3d536316460a28354e596c33a95f852b4dbd5b9a86b72039a4b18bd52d0ae4eb774d30f52db455c961c8ee216a011d4eacf7c0bedd6e1ce710d27a0213cfe8052f00c5fc2085f590d360c5a9b294b8da5d9128d2e3c8706bd4f59246d7a2d72e4ed1656add3d438865831a1b0dee3f5d3d9a5b69cf4ab3a1ac602f66b36e150478ef17d33d95c14be8992155ccb686e0161f86b6248f94aff00f90cb054d0662a6417fe68e8616a586ef3e94aee9d222ec2e30616e2e0c6b6aa9771bb3af77014904ff603ecbeace9ec0e15e7c99d785784f2078fcd0559cf62becff4ac33ff000f170e18cd86cc7664495b15ae92b65ac7eda5313e7ec8dc566559d8b42cf64bc6ac074d9e3db5488ee0871ec5c7d6f6b34d48a8aea1e8b22b853ec6ccc126a7eb05add6dd492a1ecd5730a2aa2ca875b15554f38fed95cfd96c3169df6f7d4c85c5bf4cac956d050c565d53ce7043a1595cea505eb1d35a419d4731e8b1686d96deb91e43f17474bb8dfa5ae708d43496996f5ed1f992fe9b533d7b0d1313e36dbadc37dff51abf256e9776686676e8ed642d5febe9e335afd5455dfd5c14388daad4b7acc36a35ca1e68a22db6c22bceaf44c4242ae0229762ac716ba3b69a8f8e049b38af00c0910de73e3e0baf27161520f436086a5022529a1f2b821c690998c222fdeb09611f036d2e4b4e7c9165398c58c863236d16cd185b6b2e88d6d5f2307491fbc578187a462cf38739cf387c0f1f9a4f6ea70e2d0f2f030a420ae282b30d01e9cdc5c36cda187ad654784dec2f5c0667d84ac9b71d0b6f648efc95ed4930ff00a86c036f4aad9b8f353151a64a832266c94522db2bdf5579b7a2afb687555fb257631b1b25c9f4b476a3f82bca241dcaca2cc7bd4e8287d17f43b0cc7e3d6dc584fa2ba4166ab668f0d68d9989516e2f3e9635d262e313a0bf936f1c6a53cfebb224cda9a390f7f4a7cf0be820bf4edea4cca0fc18ac4278eb6c372ac74961132f2b6767d536b66cf71a36a7bdb1cefa64516cd715f5fe9cd6b01c9faceb6f5adfdb5adcb34af5e63cec3aa80c1b477234c6e03d16a68ecd6b957553616a6b76b418775016c4867a1f2df01105d6c458728b2d4eae7b96c3729ffa789260bcb0d9520ad6e3ad8f99a7239eee0f887cae3a8f9d904a1b9043f2104cc73e76e425195f6b398446dadc68c6bfae9002d2bc278c2ae70e73dbce7ed5e078fccfd15a4043e959fa84f2e4f57c9f5ef3a3f90901e9bb0ca8e21dd4c9087ee2720469d65287d7b322c0cc66b0cc769e46131e019bb1d6ad68156ec58cd50bb3e556459c6c23db6bc2488f398af90f404357b06430ba5697357af488eccab8b65c2a7d8eb65439b415f2306a5588b081aaceaeb38a3784dad9d8dc415a2da958936afd4cf65b619fa2586c87aa686c5b85a36b6263de9b50a27ca811cc0974baace5cdae65d92ceabf5f955590d72a1e814b3193a954c3950e8eb3e13475705d8b6b5a71fbc9887d90f5b433af52bef9bda986cc58f61361a2a6397ee7f9262140db59b68c604a43932dad10fc5994afbccbb7d1ec187e3c82cc390d32f356102317533995cab2a959754baf6dfeb2e2d4d6456a1ac3889433eb1c8ee36ea905b951648865b9087be16b041796e211210571fea04686cf4031fe16fe45e15aa29857521a443db12ead890cc86ce7ebd8e0f1f99fa70bdd0bf914cf2f0044c436ecf57cdf04a74a5a73e46e472f17e5732653831f99f4ac2e7c5e881751e72252eb5f624fc6b6e53b1d8b5644198894d2a0870df224b152e4ac5b570d391847b0446a995023499370eadbb58721bbea0faf9af34a90dc5b1dd295b1bb5f219a4ddab5729bdaf5998f4d14f322bd4a9b58d27408afa1fa5af65116a9115871aba7c987b93a1fa5dda4457ab3d4443e8aade90b0eef91d6fd1ef0ec68d55ea240651abed1f03353616261d3d7c34596d1434e0d9d2d84695fcf4e61ea79489b02e35b6b187686c458415c731b61ba6a1883addacc814b614e625c4c98f49aea1b572153cca9c375223912a956f74593089532198662cca343688ab43922c1d7e1a22bb19b94a19c57adb11de0b315b759024416506b6408d3e6343ade2f812141b2c96db7fe27d613cca42b844c534112be57ca22ad0cbf221b95fb224e32eb6f8f63e078fcd797fe37d7d68791fe03221c72b5b6ebce3ff0382d5d5cafe4e5208993a43cfcab261b7ec663ee1911e34685f465f79aa9b143f57accf8b61aa4194c5b6b370d1d958bca98b7963b7417a7cfbe6a4b16bbb1b065db894c2be474b1b0cef8dcb1a3b59b323c15b7335cda16f4cfe42763733eaacbf9aa19ef57c1a7b343faaeb65b728a44c93362ed45b7a46e4862caf7608e1bb05458d4db54c7df17b650e139b5c1945bdeed1017b6ce051b92636236ab8e866c76c9424c79d59594746d8cfe9b8ec408d02da3bf26d6e20c66378fa898ddc52d8c27a8eb654d723df4743f78cc365b954b3d902c22cc163221b8c9d7ca05736d621dbd8267b14f6360b5bd17254c65d4468b1fea6545faa01894c1f894b71b7db610f19c830a457c8405da3087cd6be512998ae17628724c58e310864224aa3bafa2525a61b9f30e499106460121a57c552d06e032f82c480587dc4375f6d321a2bee9b9838c29e40f1f9ae22b4031eadf616695d61c146d497e0c3415d39436e554541586d88ce3170c5b3c8be90c316b68c36f5ad6bac38bd750e2eb28dd06b2b50e4caa9d1d89e6d1ac720d95654bf3af173216d4aeb8dbdc315f237faf4435efb5b19155b0ebbf0de58ea21995b0eab1599f795a865fb8ad8efcd81577aa1e9fd2b12a56a4cadb85acdb1b230f6642c5ad82db1b1c875893751ee197a7d2ce62518ac310264c8eb6dd534db17aa7a4c5b3a505c7639994ed456840aca4433274ba99ac4ad56434dfc574049ddad28d987b250ec68621b6fc8a9d6d98ecc5817426b96db4554646d7f5514a351b610a82398767f5d290173062e1c758663bd1e12dd79fcfe3abdd72340e82c986eb9e5c43f5e87a7c5900c682f415ac29a719f9178c7233e5f896f3b5ff0023d0199022d728439ac296b6dd6ce301eeb7e2b2fe2c38f8adecf9767b0113e94638b4ba98c141e121b4166538c2eb364534187db90c8f1f99fa7ae92193631506c2dab7a3e9eb5f8cdb10fe14315f31c3ada6462f594b4b7a0dc10dce948cfe4e7468afec75ff00c84a76b2631182457b3192b871e2b8c09e2c9a9f652a7437c4a9d22649ba6dd8c5fa5955adb5ae8af9529a8f65fce53c3926f20b4fbf6daaae6ae76befc394fc59f862d7fd07c50ddc31d92f395897f24d1b6513f59b05d9af50b82f45a7bc8101e62f69e34590cb4c32d50cf72358ea2843f7baec06dcbcd7c07188b29e7988329fd8b5582eca66aa44780bbdd92b35d937b3a7b6db10e406515e5f46b756d211a9475d7be260784ab77f1bda1e833204fd7ec72031aece86bae6586d745601115db401bb64ad6f9a92b65fa975c955d2189b26638c3ccc8ab594191d10be99d449095b6ca14858762ca2dc78aca1994d81f591dfc5a2ad0db6ed292d948c931e2ad0cc18b204944a0c2c33299f81b9991a3ca436e0ba80e2110652e4bac879b615c30bfa3790b4a0c7b57a001e3f35f95f6111f85bf15d70220ad6b6aace3f1e8da71b8ea2cfd3d845626c8b48ed8bc901c7ee208431fc3a0ca8b47230d557c886dd3b305e9515cac5c0836531ceb4ac1b565f9966c56bf191594732b22d757f5ccd71b769e1fa771e3995a34569c99a4d799b17476d0b6357a57f18d7a44a6dbd56d256221edcc43adbfdb9062faa1b306257ab9296bffd9b23e8bff614882b7bd47d7da928bfa594c4fd8e143119fa794b72654c87e2d1c194cb9472dd948d3ad12e2c6ed1e1c3fac61c62d92d331f63ea31b668afbc2656478b3510e742add6e2c0a96f57bc8f3962d3e00ecc36702c61bb1a1a28e38b5d5e2db2c6b73a022ee16e905e67f9882d8b8fa572b6652daacd658b51a358d8417cdb52ce92f555e21c28b45b9f511438cfcdc7f9a46392a9d78c3123e19eae25367ad0cbf303bf3c390f7d64e0d9b34a075cc6993f4b316dcf7a3cae9a995283f3e2c98d66a744f94f0c69707e8de5cc390dd4af24ff00880f1f9bf2b7cca425616b8ed3328d7ac7306421eaca92c46ac8e95cfac710c20df416cdb48218ba86b2c8af99313068df5c6d42ada71ea28e8992a05a15c387b60caab1da1135fdd9b309179050c456a86c049d6685d0e51c5f9deae4ba65505a639af6dc87dfa5db18aa317626a04046c51d835974ec073f90a9935ab8ec2c21b62042439d0b443acac86c2915f160c59d611750a30c2f5b8b0d9add2664786de9b7021c5a3d822e4a87681c22fd5606cef9a928bc65879fb564428b675bccfb58f5d6b3ff0085130315f630e2c394d08d537d167bebd8a1b8f58ce61b13ebca19768e425fa3ab92cc5a9796c330ed03c23d87ccdc8e845b556b2fbf1989d1512654e2dc69552fc3fe1e9253069efa2ae7ec3650587f63abb1669e54a6189579156453b6652ddb880b029645849aeb26997ed99813586a1bab6e63d1d94355eb587de8ab3165450c3f0640423ad965f990dc953950d6574b39b4439cc61fa5e5c7657c63c7e6bd31b01c9ccc85b81b747c51c217161fd486a124388722bcdc7b438ccabe5b9fce29a2bb5af5a1b5d0bab6e057d8ddc080dc565c8ea07ea36669c7af2c990c4ca9603288ec30fcca544d7174243d06bd6cbdaf45598b03e8d9fe39c90fb8c582165dbe75f4419d22799168b32ace4210f5d55c85d95feb2c372ef28cc99b7946eb288acd84245032c30ceb94a5e8de9cc194f0a090c57945d20388bf98e2e46c9f33f2af1a846e2c910a16c778634691693c49bf8f0d0bb68ad0375abce7251d6e42e2d650c7657af4843860d8310214ad811098da2d8e0baad58fafd65f0e41a112a6ea117e4154e41c7255b34d9b198b990ace1ca9418a9b0cfa39515943f35a2b5d2c84343fc8f58b91dbfa3d7ece643a29d58e5a4a5218aa9115f6cceba8325e9505e72be1b810b98f20bd40cfce2e2c3ad9a98ae85c879867fccc27ebeb5d5ff015b224a1d723b6fc76d68618a9b608ae7118808c955330363c7e6b8a6495ceaf529ffa30870c368aeb192e0a2901cfa3988c5ae4070dc375c8667c3b098e2e8ecde452d1b4cb344c998f54ce9129881751c3322c21e45db553c4cd86ada6059d1d8b3f430fe1fe95a55b6c680cc7786a1b13f5b65a5ec93a354eb3b8436ff89da9866348d821b0cdaecd14fd7b65b175fc9a1c7e1c8867fa5e6563347adba5ed2e8df60e85465b1a354c5646a4ca16296c20a20357c1e661d80c29bc8b343bb4071e997d162a276c442ee2421f79feb58b38a4d85ed5b1257169da71962add719d6db5ca994122521facba8ee30eed063499ef4843f70d96ff0091a77d1f4f4f39f870ea5a3375e6e539375eb421e6ad20b2253c230955f25b7a3d7ae69fe41d6c99c1b8d3e0c72c2db5b08429d6655736c3e3ea90b5350cb8f212d454764438b15f135d90c0626435ad6ebcc0722c3901b32a2872a9296db9d054bfe9e8321128d85738f458f2995c58afca66b2c183f3c82b710a4363c7e6fd73330ae7d5b52418b256e418b28caac6cc65c379a6511e42db9362f34b8bb1d4bb1abe750ca42eb35d9cdcad5d99c89f59615cb6245a7446bcb82cfd643990cceab7dc452d7cc11a8eada5ff00171c3d6b4aa9419a2910d6c7f2d5c86645e3afd85aec11c43d87607e159ed5321a17b5433346cd15626dad5b18cc8af596d7afcf62b5ad7c2cc1d7e562da82c3228fe7c628ae06584394fadeaabc5ad93b4352663f6cfcf7a659318dca6ddc9f21a624bfb5418a636c756fae64c663bd35dd564435c3a37dbafd5eb62c21476115c87fc8005ad816264cbc8b926d6d23a18bd57d52f6fad2216c3561166bd664840a77e2b90e434f4c916d1c2264ce64bb5e71c8b4d21b66954d45991eea19414b58fc58a0044a610bfaa5a3e9ebc3cdb1294872055e3687fe4022e31f54b62543ab59723bc86d947d1bc3ea833ca9d5fd536fad6c562cbeed9401c57db2ee047b3c73ebbad89531d44c612ea078fcd8bfc6adc935552ea3f8c831e2bd5cc82da2721c43f282e159a787ad62fcf3eea9e42e2d551ae29a282eadb816d19872b2d0e4c8132ccc57d98619915efb08621b4dd9d729d71ed65b4218af7a0b8db529f724adb2fcc62c03d5b6370c46636190eb8bd91e8b8cdec7951d77f4f5cfb3b455cc8a6751c87a11ad9887e0c39c5861b436deb75f32ca6438b5ce51c0723c7926d1a7a4cfdaa2d9376b681f996bf085dac52cff002b0d68b3d92963b6f6d7ae87db9d5f66c4c9fafcfc61ad763b0f41a19cdc9d5eb5d948a57911aaab2da2b701db24578b3b00db9b0bd15c8db1c26111ad6ae43efd9d5965cd875952d914aec699adc7b39f0b5c663b6f40b043714ce61966438ec68cba5b1cfe299750e41b68118d9caf91cbd82b40443128dadd345132b6561aceb724ca98d36c354f396e4798c63122197254c7322c54bb827d8305ee99c5cef2562c22e3c88f21efac94861063ca329d65d719ae9cc38c3b298c7a545740f1f9ada1943328706547fa8611166712644a4498b31243970db5257223adc7a0d7bae3d4a94224bb68185dada3188d926218636387f1b9320be10d4138ccc716dc26274ec604e6988cbbe1264bbb1413345b2db9923668ef2e7cee88d6d5b1e3c3b583f4d5efd2c77d88fabc879ea3d7cb71b4ed7d0c39a954aeb46bd162b92b579c5c629f66813d676261e66d6f821e952e1ae2ed5f2b102f6bdf86e5febb216dae0ca5a2551b4e4a8b46bc8b59acca6268d5e2b15b47555827ebd5762dc5d3588ee33456c864566d486de8fb175cf7f6c80bacdaa5484397505464de436a33f322c8cafbda57f2140a15ad15d156e1a773e76f577da7e4c3db21b8e5ace8acb7b555adb6514731c30d728332aea2ccfe4e6198274769b94c52cf7198cf210fcf5561367533de6d0f85bc3e098f079a924a5f598ada703acb1887e40c94eb2b410f2c4a9898ecb6bafb10cb0f30f08ecbee3ed2979310f45619993830e5b7c183c7e686250c72a652e6f1351256bb443ce59b8c645b3ad90db13ab4b93e9eae521fd652d42b086f476c3f601726cd25e92ed7b128488ac1666435c2bbd6e2aec23577d9f3de572253bb32630b1991727ecd531e3336b055151714a8b372ce865497a7d295c5acd67e393a951bf32352c1422c843aead8d314fb6dc7b47e9a4bfb908af4aba088089823075961c9b62cca71ebfa97ebe4bb4e631871c31fd2b1df7d88a85e4cd4bea91fd1b1e64afe0dc6187bd3f521985ae4c2655148f86d6bb6e86f555c6e0b62becf62b0711633989a76383638dcaa594f30fc10840af58fa5790e39acc17c5b69d5671cd5db11a145b0ae446b3ba0866f26065778ca1936b56b7195d4fc932b1b04cf7982c585a70c5e7ca3f8fa99ce48a094c361d90865b352eb68ae6417254a421e11e4132a545405d7c85fd3bc4167a0381cf8dcf9a0bc0c7985c61eae2c3adbac31d4eb725f6c0f824b410fa6b9b93220ce607e7204e0cb922634caed930de1790b1e9907960569726ebcccac34f318c6d774c65c5c744a95b1c5c8ceb24ada87218995d1e646fe9786c37158b812a17f390318bc79d7ebee2be4468b7f4339b44ea519f515eeb6e52d3ba6654d2c18d79af3362e4ca794c2ebe8e53519eac7bade62d9d8b146c0d437aff628f197796cb98c5fc66a19daaa443856d066457efe9eb899d4b215731ea5f65b8ed92887283d03598bd6cd2acc2468f39a9469ef1683adee023374fbe477cff5545790fecc711b5c88f24cf828664ec74ad57b7319b1861a8e303556fb020c7985ca3af286f5578cf728de7572858409b2ad9e4458b67f5019bc4d74d7ed6ac239a3b3c9b4f573dc99a95a34e228efa44c13ed22cdfeadaf6264c5c19c50d38c372acf6087250fc3991571a09650ed847438b8f21b9301b7d0e0990d8aa9c99403eb263157c7290dba871a4bec372a5434370ebe41f894c9b00ca04933209fe5abdd8ce0af99087fbfffc400471100010203020a070605020503050100000300040113f00511101421233031334161a1020620517181910715244344c134b1d1e1f1125316253254724063c23542455573b5ffda0008010301013f01edb9d09704b32992abedd816096a6554562c55663a93984f9fde690980a50705b22928ae8ca6e670b9cc86722154d3224e42229b29127a735eb0532aa0a69908aa69d14aa655414ccbfcaf65ff00fcb7969dcefd0977d77e09a8829b9e52b0b6de8ad7308a9ab59ca324205c5073a742dd82dd75f23b02929f157ceae1848be42cff0004526025725b2ec421131ae87eabd9b3533403b9dbff009d3b9dfa173bb08879852aaa288d73c8ad6526c28950c5994e879f427460a72fa6a9799f14d618a067223ffb225a9f393e7538f826554704baa8228d12b922612eca15dd809d899550c129306d69302ce0b484611fbaeaa742316338ad3128c775faf4ee77e82622930888643c39303f17cf52f031e3cd3e72a6e7d392a9b5954caa829955044ae4a6554114b80bbebbf012b9299550d034144c75d5bb07a4f4b0099a46308dd972ddb913abdfe1f2c9ef869dcefd0146a55541144a529784aea526a6318f81fe756cb094a869c966ad922609b551452612573d15d11eabe3cd755faa6570768633cc471fbbcbf45d58b01e757b2c5d42d0b1aeeecbbbcf5aeb19671eab7e9dcefd0c3b252ca0a29508b24e84ea68512498c9f0aabf9c25c052667b132aa18495cd4d3299550ec13b365b980f311879aea8e26dcfd1305d5f746193bb5270fde058c0c0bb77d95a71394d031f269dcefd0c143b051cd4e5b4ac1b2f34c1b4afcd3a6b3409d0a4a115124151040f929d3544c25532aa3d998a6d5454dc03ec7575885d973cbd9e32b3ec90bb7afa3d1e1a909d0ad10cf07e060ad4738c9b33aa1a773bf4532aa184a54574a6554114689b909fd7a2c6a6a7229aa5d5454dccc94d4719c9fe691517012b9a27626554115170cb44d50f0c2d5f1da6c1307ae058a4ee947bf5aea2f584d893b09e1f05b945f41db8743d574727869dcefd092b922573452a6db0c0522cc715b244df5de9afdd6664a13556c365313573255a6e826d1173bd99a6ec367c11957576d5e8b4eace7a30fbaeaedb21b5ccee47d0c610f5d3b9dfa228b0633c563c6ab9154d536b2e09a9b3fccc94c5ff00c956a18d3bd54acca2966f6265545130cc44cd29b5515b544cd7607d9c6dc5d76371bbbaf8feabd946cad5ff00943eca1a673bf46e45f3aec0d85df55ea9ce6912b9f626ca58d29b1e2a69f012b9a99550c137b336aa2899dc132aa1d81edab876095cf07b28d95abff287d9434ce77e91cb638b526ae7fbc9d572ed12b96020e6b2c052222257ae02e010fb52eaa18262129ab335729b5930356b397b35658a06d4e3d2e8feaa1a673bf4a4613539119147db62508b21fc93a1e7f822a995930111704112b9760a4ecccaa8a9b55158b4dcf210d11f495ecb0d3816b78c1434ce77e99cec512b922573c051e010d391557f088879d0e544ae5d960d71b3a7d63e28a54d4e8555fca26866984a6e0f64db0b5bc7a3f928699cefd33e2e02573ec94a895c912b9a22998495c958c4947ad4ad82ceb90889c8d12b921a96a55543b03ec09818cbd988a486d5177461f969dcefd33a6b3517b133012b9a2572c04cda257342dd5dc9a8822db274286dc09a96528678cd2727f630312cc7aa7430b50e7b5e020d6cb04c95d816eaee4d6cb9db936b1bfbe9cc80857b32e9dfef5ff97474ee77ac5b333b4d69b5f9c0f1ed92b92222572451a112522ba321baf9355c54d30908c70c67a62fccedbe7d5a8c4d136b5b2452f6da8959658705b54f989bc97b3b6d27de9e3050d33958b62965e7b2e3fa628a6a74288bb05c0544ae68a8aa6704442c01144c78032dd9174ec28c88040efbbec86c4c23483e5e6ad90c9322e0d922573c1b2421216c7d1301ca434575fdf5d452c0b8e78e9dc226799330272db15d315a84c9fb09219d8495cd12b9228d12b922573451a25734d4538d210fab398bd3a6d24f279ab1aef9c8a5920c89d5b2f67a74f8cef6c895cb092b9e06ad672135cca0b54d5a872273202ad47615ecb4b3436aff00ca1a76cdca63b593bb5ab4f27929b38d3b4efb63d8968a888a8a345120df03c2470535e959570569e6bee9aba94876a0312462ce3e097551ec3660731a010d6a560f570e5365f3e49f58d28d00810984944af456a3a949d1672f64db0b57c61f650d359f9a0bbf0822b539833be8d145273381ab19ace7272da56c748514d5ee7cf704fdb49349c0445c04c0412d8af7c3d0c2e4e9c99da9bc6bd54de3cff7c24ae58050bd30b1ccf0d00f7ab2bab81099984d0eecbe89cd8f0b39e64d4fb927f99d9229733393ab419077ab52d30bbd8e0f64db0b57c61f650d358ff552bcff006536485d04de4ad2218c69b04d648b6cb33a80a599105f3b4852ca0a7459b84a3ec30167d16cc6327755cad86c0f90895cb04aaa82266b04a9aa52b31b67b3cbaaed673d691833c9dfe89c7570256707c6f808c2ef3569933d0e10ba115d627f00e60c9fdbc11024053a34edf825af64db0b57c61f650d3352c9457472e01ce9dc136c858a19514b374732aa09f3a314d8495cd151300abd511b1da67c15a911f9cbde9cce445916cb0cdf93cd09a98b9e50cd1da6fe1dfa97b35c705745a7bab8d976a6bf1847bfb95a97983384ebe0f7f461aafee870569be16ecabadb6c84a6918afc677a9b551c33387e6bd936c2d5f1e8fd9434e52e020ffb289936a9b677bf4332aa384a34e8612ac54f2511cc9367d4d9da91468b8045948969ee45267912b922a97c629ab5c6f3214facc333db7a616c59415634989ef37947f45d52c485627c3328f49f7ff6b6965f0864517d696251c77e061c3547f94edd17e91a79c77e4afd9759e0e2d1b5330ce37fdd31ea9db4ec0f1c6279187eca21710d708c170c1eca3636affca0a1a6257aa1b19b9e5f394bc68b99dca5565d10eb921882a5d64451a2364414d569d973b32a51ace37044288a64492895cd4caa860257344ae4895cf0357d89a74eb1c34ebf042455c9cd7ac158a197184efc15f05615976958cc7de9665af7b17f087f95472dd914674593b13e5ee63971437d0ff0ad8ea530740691b31a420f75feabfc2f0676335846e863f93a5c3bd75afaad663414963d1c7ba51e1be28becd4f88bb7c68471d842f8437277673867798f08af64db1b5bc61f650d30eb9299550577ce5f3a722426ac5a5295c2bd114270eda1e1d9db213695b6f2532aa0b64a54d43b2cc6d8a2f571ea2d9670fd222b4377724ed808a18877a8d98608633bc94dc5459eef5366e1222a2572edf559cdf18022cef85f0bf92b2ded8e163d16438461921fea86ad49858f0367b23f63c3764fb26165048cf3dd1f8386a86fd6ad3b32e333337d5bfc2bbd3fb304e80d206d7baeef4fec1804ed4c7b95b36886cfb31d803d1c7e31e0ad4eac3beb3b3921842cfdfa97512c7f713cb5d96bcb0cbdfc74f2e6a1b89a2906c9dc859acc97cb00c6575b1b967842cfaee327442bb2b4819d413a6d8aefec4c957042a5ff00790841c92541a44d76b4d6c631506c23050586673dfba736580a8b63015b36307e42b52cc7b27c3f251167ee8f352c2a529580a35294baa8f645ae1e5f65d486eecaf6110b485d08c23bb82e8f4dbda00840cce17e4864f286e5613168d01f07cd0ae91f6512e6b34d3577a725d5757a27a411f23cbf86fb95b165bcb38f8e1a18f31c9770eec9c1086176577ba115eed0d9e78c9dfaf4e57260ec511f4ddb6b58d1911f4d502c43a941d01d8649bf19f644721d580a3bf0b61e63030607766e0b1600732bde600dd26e4d6d801ae42755557a23a03504f36544b4de1760d327d90dc85d82e8eb4e9ab24fec7647d8d77aeb3fb3bfae65c916116e7c5cf0ba3c7092b9a0b53bc8c2004d3a9c79b0c777eae3a936ea60845d51f456c755fe4019c71d43eaa08866a03e48dd9776e4efaa6f022c701de88d4e1dbc307513a072bd901e95de6aca89dae26c4ed311d5fe6b7ebf1419228492c6fe30fdbbd14d7075a23ac6beb2ea8280e1f2630c9af9272e0220ba30b9c139c4dd319cf7e3b26abae85e8c304334085d0de9d49f93e755c34eeabd61a011703514e4e478a064d6e4d5b636693b9661a024035a13133b3c113abac8bbf2a8d8f89ec5dab1dac48ca7b877732877ac7babdab1bbd046dcc08488c115bb181b5c21e6ad36268867032a7247c24c6d83ec1c4322ebd755c16831f7ab1fc6c3ba1fa21c224c91c9186bc3d52eae3cb4aec4bf1918f24f7ab210d8dd1687c8fd8dd1f1fd5631084201bb543bbbb8a2400e9e4ebbe3209d5976695e63a6d772776384b8afc5e4ee56a757012226d69d7571eb50cff356318eddf4f03cbaeb97562d07968328162f31ee118a62eb1505f8d777db22b4add398f707beefdd5a568444583306bfe2f4c2d4109a7472e5bffcd32fa7923da9d176ee0cf1b87f4e4f4c99139b76cd9d063f46c77f7c7f9569ba03583b116eba3aaeee8a1e5ca1d5a728e6a9429d7228e576c429c692852429c9271a09ac868158f07fda56450b4cd50427e72a25c60e7bbe09e627eeb8597d177e885d58fb26b663e082e0dffb64fb2b4fabee4b9fbe37f8c575662f0407607de57ae84002367d396b65ba0e4ba11fe1321407078c4d961abd5758ac2859ef9dc8d57a208258424eb58a9e76abe0bd9d36b4fdf4d021f81efe2bac5691ddbc901fa0ff00547bd10662e5430cd366776b451a2896b51b3e0785d1d51569f51a51af630df7c792b065d9b8a40d7f979285a85882487564f44e5d5c9d3af9fc163faf2ebd7fbaf781c46941f54431e567915d44d093ce2acd26493dd7fdb4e41c4d99adc89d3bb82236d4a682e9066be7da6df0ab6cb6485bbcbec9ab5aadeb1502c54df210acc3fcf4d84c5a067c6b521db61fa2678f7921beb67e4b3ac99163af3eb5a22e293b337c2ff14f9a9b5c10db1d16cc3eb0f9ab6181ca6cfa7d63ddb05661030cc9e1e6ac2b4fdd2f27f3ee43b4d9462f0e6777ff0057dd7bc4300e297f1bf9a6b6e6327900fadc8ad3302ca05c56b08bdf14224e6738d0588ced8a95250d1420f92988f33c53911be72297329b10a5c6e779218cc215f5eb808f42d329bd6eaf0f1565b913bc6a30e15eba7c64cd73c15d3f8b0e7ab52ffb288d9121d810a5609b290eb926db9301a80eaa2b659ede8ae8e5daa6ad8eef6da9346b00eac2f9acdd4b19c5730658b00d9e0294ad96a02853a6abac2230430381596578ec30f8b421ca45cea246446fd577720ba8bd3c32c63ab8f72696599d96100eaba17f2456020e64508f14e980441446dfd85e29a964ef4e5bcf06b4e67073014e0732e93e7504473f214eccc9bf2e5dead3b6a48a545d746ecb1e86b8f43a7747a37f423d286ac9df1e8c6192fbaf82f67aef1c15a91baee8c3a50bb2dfaf247f3e31bae84631d718699ca139959300888a400a19e45c0c45f38cb6a888885bbcbec829a95314573b94d9a8569842142b74ff0025a215a8f7fda2f7a1bfda4516d3e08b719352c945fefa7e5cc273bd3f6d8d824a624f769ae4d9fce3772756c0429fda9382babb8e163092ac0736996e93c3ecba6101b6dae304ed93117c199d714dda80b7c9ca8d2497ce69a915b05d072644da78b309d36cf26cc276c51acc384d18aeb0ba385e6659c59bbdf0cbfd3d28795dfae5c91566d96e1e09d99c43e0a31d5c7bfc7f5dda97549806ce658a4215bb4ee77e09936e879270da02b82545ff00bc899d5c14363250848a34e6b9216eaee42dd5dc9a9509d66515d299595598c2726b6584284c42b16e09d30e08a392a6607e54feb922ea8f8276e8c56af247e31847d617ab3dd1f25fad14b391057aea6d97658d93483cfc6c7ee98585eea0cf65bff28dc9cf4001cf9e30bfc77ab50a12bdc731b4c1d4a5d622866fc3f76e5663a7857bc38a1882534e156a45ae69a881f086356a4e45386ea4ddaf2725fe1c6fd22e3afa108e230eed7913e0d9850486ecfd21fa2b30526f0efd3b9df83c3c9432e74df8cd48839599efcbf744db42bb9361fc667935104bb6536e322e763e69f57242dd5dc85babb908884543ca985979e4d5a843d8227ed5173288e93e2d57f09cef51d515680a51de48df18a6a3bb6d81a3439dc4200cb957526c1b3317678c34f8dba17e44fdd7bb8d193f8256ada93af911de9cb99bb64d3e2cc86d822fc4734e86cc2f67639726d130617c238f43bf5296577c3829a6d5dcb1af1427d7b2ba3bf5ad9c648aecbae29f04222e661bb4ee77e16c4f9cae9b9e8a288374f422e7d6ca0a6a16ef2fb2b4c5a94a4212109356134498596142b82a6f1af5536b22c6bc54dac8a6f1af54424d4f849ce6914a8a551d51f051298af9e838a10b07b3160035a73cf7578a640fe9844c175e1baee5f9ab41d1cd7838c617f8644fb346926e4842099590266cddc4e656a5a612df727c30badb2118ccd9c27bcf82e6856a59aecccf1279e30bd0c53b608ad4e2f542af55d32cae49cb99d770d3b9df8604d55f7449c5867be03bb8ea58cfc1c937aaf9f5c140b551c163599ef056eb0926b90849ab1fb26ac1085809d89bc6bd5632a6d545149353a127c24e6b92dde48ad655a8ed4bc1ecfba9ef6d0141f02d6c432c3277ea8a204c06f0819ddf742ed4ad97e516643ebfba1369ccdd1f7a0b52873c8b6c0058db3e68ac5e1833c3f828faa72c4220de6755915a6e4e435c6fc16ee28339a1e0606abe0ac0b527328792759d436d314ccb5fa7fd039df84522abf244c4f8be447399937606db958d6606d03c93acc59d9864ad46d3833f8a6a2cf26a2aafe1084875cd10782560948a252b857a22572452a2efaef56922369c7cc655abc608bf8d766c12d7b30b324d998e9bff00e9786e452ce867755cad99c23c42669bf5fa6f4d4ac841dfbbc1758ad8c542d200f3f3416c1711cf6b8fae545f7633b1b120def63e9727440bb8c80f356c31062f28bf8c63f7ef569e3ad4f995d457511024bdbe17f7ef8f0a8ada8539c9722a6259a1d3b9dfd899551c2d76de9f9ab1ed80d9cf33c9df588d3e702b2a6b6c19e1649935929a950eb976e65543014a895c914aad32aea0b001f1c31ee5d6d106c878f137cf0a31ef8dea5554113756f5ece4afad0b4e0ca0ee388c2ebe1e89c919d9d7373658bf864bb85dcff75d671bd147564c974787e69c9422071fbab22c8ff113c7602eb87fa61c50baa968d9d718d73177bb8f4617579ab71f4c2ddab74757ae4ef44e7fc2b74c715dbf2e5f05698e2505e0d7923f92eae5a6c5d598ce169dd07cc72775fa974fa451dd18708e44e4934139131ce17263f530e2a1a673bfb622ca4314e34e44af44c0928c84eb3c9abefeea13fee422a9aa655414caa822914d536aa28a5452a291153e2e7d7571d821b18f75ebda65a80b46d983263baef7af250c9ab04aaa82f664fa0cad277f17778ab2edc2bc718e3dcb88c6d2bb7f85cbac6dbde0c71e0bbf2e37432283633bb373dbbecacaeaf337573d636b458be865fe986fbb75cadc7cf4ac9a42ff00ea8c32463df764569e74df845698cc12de18eacb746fcb96192aebe10d77dc9d971bccc6ec976afdeffe54aaa821b28c32aeaebf94cda41c5f1e68b8999be61377410c641fbd35ba257576abe1f6d3b9dfa014f444db72f9f5c109d4a42752935757a1154caa829be0a6a99550452a295148a655413f2ca5366993a751b3413e17dff7439c68bc7c7fc6bf8f2504c18cddb705698bbabd1302dc7c993c1753f1392d27eb8f7efa8ab4dfc24482b4c9ef5bbc91625b28ce8e18df0bff00f49d7af7aeac356676f1b5314c4726ac91dde17ab48b2af93aaf4534e56a7bb61b67795476f938f7e010a6a6b39a1a10c98926aea55c15d6a13cbe06056a56166d974451d70cb1d3b9dfa01a9955142fb2257243424c33485b0c332aa2a6602a2a257aa7e5aafe10eb9a20a7664e9cb09bb0446a7121e3a20d70438e6649d6ca3e6ac137f79e5d885c9f3f7935d46fc9bbf54c4d0b41efc43cd5af2f76b82eaf5a763998625663a8b2bb9c61faab5274b773b2ebf3cbad15be664fe07eead314adb65cb559508462ac5a52d9214ef9da9342e661e48820bc067b5ee5638cc133b09bbf269dcefd136266700868434c086412210962dc14a451295550456c8a2454fc8844c32bc1105353e15c186068567068ea76bbe1f6448c1db1818376ae17c60ac66366bbb57e3638833bfbf5a62facbb2be09bdd1c9aff002f5a8775a78dca89c9aa31ddfb228f1b0e54e9a87d1118009ab7230b0147995663a9598422a10f7e9dd572d10a4c9c02426d55e8842948539086a5d5454a52b857a2948a244ae49d0aabf94f8555fca1edfb2514e0ac4252c440a5eeafcd0d885a9a7aeaf0a73c9c7fc1a74e715c9ba31d49cff7c28a59d81f8d12b9ac6bc5075f9a684d46ff00a028e6e8c49a8aabf84d45a94af042d7e685babbfb24ae4895c93aaf5827db0f4fb216d9df8a860257243ed597eed16d9d47c21fa2b533d9e0218e6c33ddca56072d66af76a2b09284c6bd13514a4db769dc228e568468424d5b26a2c021a1d73ec92b922a755e904fc4be7f9a9b807dbb1e128d8e1d123342ee3bb5a9b98ece64ab6a7f0c0db769dcef4424ddb68475cd35126a242dd5dc86a03c24c04c0545127c34e859f52eaa2a568319e28449ac96c8dd9975515324e061beb769c4da76c75a72c0c28c1396266974ee1db10d0869a8935121d7242af550ec1709735c512b927df74f9b68f19941534c3cf9914bf3aaabc45f6ec39deb1e561167633e3a7b34819b9ec9913a2c48e330ea2fae569bd33ac52756aec8d084a556542126bf64d7ee85807db25724522759d451274c7782bbd6ad17fd94f5b4b0dd0dff00979f720ec2184a54e493707577eabc61f969f3df21311144693910841c76e7cad82b217c1b16b0f1c3314caa826a5015084842421216eaee42dd5dc8782629aa6602573c0544ae4895c91448b5cd14612a28e529b0e0a6c3bf9fefa0977a26694d89732a5d54515b2feb95b9173a65d5efaaf1869c4e714427e19cecf8ad644e4b8d1a7eae1876464522257353530b624edd307ec9dec79a10d08687866a98a6554704caa8a98a5d5454a456a8ad95a6e98876d1ca9d3e9bb04429d65448c6bc50ad337ce5ef40a13a097b7bf0dd0ee456a02ab0c52a2ebc7f2d3b9dfd92930ca43ae4851bb61932a6d6eda6d38a6bd6dfefb542eb5d985bb77d90ed9625fab82c6db9763d2829d0efe7fbabe05df86655414d877a9fd117fee87aa756f3269f568bd70669ff00599ebbd86a5fd118e7dc46fe180a35ff00e2a5d5414b95871a7a1d8e55ef33ff00b542b4c3f3963412fd556457c3be1eb826554114aa62c6bc510a1563fd5d7728699d572c332aa0a65547096b9e016756638a1a97fd952aaa0b160f7a17423df1f5aaf54231c3f5959163e7ff0077143b75e8beaeb222758ad3ff0076896eda65fab58fbe2fd5c57f5382eda31f58a972b8ac9c1109fd944ae7825478a95294caa8609555052a5297550c32eaa2a5c7e4c6284e5e890ad3fefac6805d8a2ba948a59a8845617d5797fe3a7755eb0c1354daa8a998459ddb22094b9384455b552cca6184b5a97551456ab16e2a54a598536aa28a5c13567eaf421a99551c32d12b92995930cbaa8762e446cb3e2e2844c1617d5797fe3a77df6d008aa64d52eaa2a59bbf008a64274b1af0535634758cf058cf05340b335722154c9aa5994b0fce532aa2a655414caa822609b551532b2e804244c056ab65b65617d5797fe3a7b4f576265543b33508aa6d5454d0a9615282b1658a9d67f8acff001c12d4a0acc0910804474a65543b32d4be3f9609488352d146a5296843c04ae4a5d5454baa8a2895843958d78e9ed4ae5a09bd99b5954daa8a9bc6bd5634653509d2c6782c64ea65543b1311304caa8f6e1254be3f968265541597a7b5304caa87673d57e0ccd5ca6554304c37673f57f6a5d547483536b2adae82cbd3db3f4b5ddd895833d57e09755152eaa3865f60440e097825d547b32eaa2a5d547b13387e5da97550ed4caa861b2f4f6cfd257760cf55fda99550edca4352fb135089da98845c12eaa1865d5454baa868075cf05975cb41ffc4004911000102030308070407070206030100000300040113f00511211014233031415161022033718191a1061543c112243444b1d1f1224053546364e132842545627374c207427582ffda0008010201013f01ebbaaf387ee04af4c9050532aa09c8aabf542122e460842ea0b4dd71d7aea2d9fbaebdd579c35d0c85422a1d7aa21252da6c85d165603ea1135f9f5e0a1d7b4ca22c61778ebdd579c3523eacdaa8a99cebcd12bd720b72953909acac85d2a9484d535149c92eaa192655450ebd75c5304ba145eda35bb5eeabce1fb936df95cd7941361294843eacbaa8a1eb4ba2568da3d16579a31842edd7e3b382b22dc0db8d27077475eeabce1ab99551ea4aac5105a1c82dd5c3a92eaa3907fb9dad69c8068772f68ad4b36db0fd1be30b6b65d7dcbd8f6b9a3193e3f86bdd579c35c243c85121eeae085b7c543243f74743b95ab39c8233b0e1b931b1d93a7d18bcfb6422acc80021921ddfe35eeabce1ae12113294a8454d888a853d0c864227ee4f8a612f6bc8fed03b30b1bf76cbd11bc2cd3497bf6e7d0fc958fd8f87ce1af755e70d74baa8649955043af552aaa0a5d541088a6554721089afcd0ebd7f7128e6a306676375f0f92f6aec80ba3b33dff5d8461f25678a4b7f2d7baaf386b0bd51a2642113126428e6a6a295fb9907355a6d275a7a18560b362b4174611dfb3c2ed7baaf386aa6649755052eaa086a5a95550ca46a882d89a8aabf5c821feeb281cabc15b3f75ee8fe10d7baaf386ac7bab86426fae28487d597551fde6dafbaf747e5af755e70d608888342d47c6ae5fbb10b295a649d1e8d70d7baaf386b66a1d7a21f5dc0b6216ef0f96a075e9ab9b925d5455b3f74ae1af755e70d70abcd410faa3d414b253675394c42d54acb6d7dd6b86bdd579c35c2dd5c35ee8735301c9c82af350d594aad326308f0f9ddf96bdd579c35c22641f547d62910d17209f1a7a1694daa2ba9288f90b4aad4c334f2d7baaf3829ba693ae11759294aaa864941446b2a29a97524af44e8755fae46a5aafd55a649b772d7b9af3826108bbb4ddd79274da56b84443af4d6cc94b3ed3e355059c84bd8a6a59a1ae3a9257a22210d3aaf2d7baaf45644255e7469c58ce36b865949abad510b2967e845d0a735e7052a69905a864a10a57588494a6f3af3452a2950d3512b67ee95c35f6b94230c025dfb2ef0565b6d04029ff6d27f4d78abcd43552c33d0abd514488d4d3d0878758a5949d3fd0a6aff00f8e8ae90d351557ea85f256d7dd6b86bdd0a053b4bfd539b5021348029b3b9e4c6748fd1661192882307599cf2422ced4e6a12a10a4a97550eb95d494eed4980bc3de99398da0ce7077714d984d673b7af8f5c909b19356b2b25b5b1aebed1dd33ff00e5660631a726ac3360ec5eecd372430ca3221343b13e198ba6d60abcd0b45d727630ae084e8f393621b8659955143ea3922b50d241b6ee314cbda13fbcf3167f5e655f82b2db6878724217d4ae4261beb7210b2db3f74ae1afcd826edd0852908888444af25378d7aa7ee85f075821ea045817b6421050bad2d14b2b27b6d28a1d2fbd6fddeebe3baff9af672e147322b4faec638477fea98313061e0842d0756d9fba570d78d0c68a553110a11074de09f3a37630a86b453f0f0f920d9864561297648687944d9094143214b2909ccdca4dd5bd38d8bda2cf216db4bddc20c6fc7fe25f24c18d99ef3667651c6ec715a1f8ced0cdd10b2db0ff000896a32161bd4dbf7e5b67ee95c35e22223944af44e5cca0c9447462e84da99558a6cd66ed5eec668765b35eeb628426484502d09829f3652a56a4a29a842959475e89dff4aab7ab4ddd996a5abeeb7b64ddf47fe6b7dc9ab5041e35332ffeb0c7c38a35b2ce19e06ffda86ce37c131f6a9c4749693b8dd7dd0bb86c820dbd9c5a6ec5d1c731d9befbd58d6a3c29b4db17be419ec8147d508a136f56cec69af1d7a29758287f5966c0322b5d0e876faacd4e8a292845817aad5a99df720b408ae52eb05a159cf245746427eb3fe6985a72b6a961363caf45269d76bad7e3c27c23e09f59f6cbab522f48dacbc3184211c70f9a7d6ee657023ef4b3debd8f86ef28455bb6c944efea7d2fae5d8e3b55896e186078171cf6f1f15615b8f183d79d217fa2f87d28e1b231e7185ff86cc617ab33da713f0ba0b3ff0057cf879ab1ecd7b6b5a6d4c78e617611bba5b76785ca0fd9d92f249b14fdd6760686d78cb2508a116994d9c6537e0faa23e084ba6ff084e4260e0ae81b032f76b46a17725ac7d57a656ad73b37282168742159cc94e9d2ce79a2db0117628b6c2cff004c9b3f5ef335415976c845b7c5680da60a73a1d0d79eb6da2086ca30d97df8fcd749bbeb3cfa177b637fbce3f85cbda7b4de3bd0da51beed9d387e2885884ffcf47c705d109a3da3c843e9c2fe97421d2fa3743846fdbb777d38f8ab35b4211884ed70db7c23746e8ec8df18794630c55903e9b2d1b28f45f42fc611bba3d2bafc78f47bb1befddbd58f6c33b47a399863983edf0c6f86cdbbbf6bfe98c6edf761798666a1697c7e9477c7c93573381ddaf755e7042d12ce4ea69c4b6ed422e6b807c5675a6427c9f0a76cf4528c2c8c052428844e5cca5a688566c9d35aade8a2420cd4d5a87e33a4f9b185b31ee4229d357ef829adb8177a07bb76223628b186cf9750a50076a2da81f83b97bd268b6a6aff00f8d1447fa1f142b4c33a429bcebcf25a72646995a9064eb3bb4c4ee2f60c3fe5577e10c2ff0034ea36a3a730702697328477e31863c23c166b3dec3f6637dffb5843e8e3b2ee8f47a3fb3ebc21085d8f4186697160cefc2f86cbe3dfb7cafba1df8ae8bae97c7691cf5f6108f2dde50f2d8acc6c729da34347edd8ddd18fed4210e9421761bf86fdfbd33e95a6dadaccda34ccda430fa5d2e9c7a7d3ba175d7e384210c21871bb9352c4d81e37d413114ad7b91cd52ab1eb89ca214c54c45a54d89a1452ca431fc73c515cff000109d1c48849bdb2724d3e0a55a5508724529ef43727929a943d8c50ee4e452b67a2b09fce0e646dbcd174596deb519d9819efbec498fb419e5b113b175f507b18747ba31d9e9d18f92f7647f9c52e532806f4274f24c90a6bdb635b135304b192a5f08fe09d06f0c98c36ab4da34686e90a0cb9c630827c213b8c40569bfbbf2c77f863bd5896101a81c9ff00d5d2ba18f4bba177471ddd1e3772d9082b31810c16cf0f0c3fceff00056a580eccf1e9c30fff002f0878d7356758dd2b3da46d3cd23f4d85f771bf8dcaccf67adf16776dc5d5ef1f63f4787478792b302f5f85a3b1b5e51f08c2fac5407275e295bd105a19de89cb50f6dd710a7210b340a2954de75e6bb552eaa0a5054a0a188b3ef8a980de8a5b33e321119161a05693594e1a1a1c77272d8c5ba456c4313d12e8cf68781eb72e996743c14c3094df05edb39b37dc8f33cfaf617438422bd8ab09959566b439beff008c396f53003c209c9735bb7dfb1088193cd09ca117ed6642b50c136850ad80bb0e9a29d8886be4ba87a6c4eacb0cf9c6da9ab6844322176ed9fe50852b4084c77f77e105eef817eb67d9c3f382184336e0f97f84d5b4029d0e18105bf8efd790b25352ce4414d598a28e51ba8214e4214a452a7259a6cb314de75e688f911cbc766920ad8b312f6c778882b337bb59b07ee4ed133c15c6363ea9aba665effd114a84e41f193128145a84aad46a712b62ccf7b59b999ab62831781833005ae10f2c2e436a69b379274c6585a9cd8e6298c0f68389c275731e172193eb9245f62b94d0cf93934df0105d7c132b4bd131933b417a10a69e06ee4e5bcaba20e488413ad2fa2ba57fe67cb0598c5ddc60c7c15a6d8cd20d206df0c3d35eebeebdff00926a5942c9fd24e8528fc72c3142166a0e6a6554539d1076e41a257a299551536b14315fd8f8a2102d03a1da9c962a5562b10a62eafdbea8adbe383c909d1bb1329aacb29e72ceb4285ff110f76e4fe0109bec91e192f8a112fc3f1574030c209fda81b39a69b6e29ada0ece174e0b186dc2edd0c2ef9a6169ce3699d557c90dd07e0a1e35dcb4d10f14d8924f26ebafc7626b264ce326c5940d378210a1db2835d340e84d83f85fc6186df35ed174e66678e38fcbf2d7baaf3826c5aafd509ccd5daa9558a2efae39188be3557822297293ef964864257aa10976288da722b059883f9b855cb3007f370ab90acc42d0a2369b8a142bc5351210f4125598ea4bdb95a62397b6451213531509aca4fa4ab79b59b7467476c30ef4de2f02288993b8fd1846318f726077e58fbc99c33e67b2386c8fea88eb35ba7617dde17a68337c1757df77c90a734342fc53e204a68183e286ea5687f444b4e308e9afcc935b619974ddc9a96110cfc3ce0a68276ddcadf24d2b68f087e5af755e70c9353524d0a2ff0047c53ad2a8210a4afeb7a64724ca3af552eaa2a5e474ea4a736a1911f2ce4a985a86d88459ca5d5472351557e8855e485f6eae08a2cedba289762a655415beeed2e8963167b218c7c13ef68c76d74a43d6b9835847c631826bd0339ce42ca1846108c39f478d7e4ac968568ca00bb6f082b4ecc13a84630db72f6504f201b9ef82730d1224e10649bc1391c48169c6b6a72f4dd8eeaf3f9260e4302e9bec577aa2dbb1ec1bdfb7f24d7a4f1a99a44f1f556a14a7cd4b8630f4a8ebdd579c32b526854cc13e9298694c8843cee591c925051328d4dc85749d3a9aa656195b76eacc7485a642121090913edb0eff009c111fe68091c916bd3218a084382f6d2d9b4c51779bbcfa96ebb1f0563b1f7e02113fdaeff0dcacbb2a4e6d863e90c610bbf2431caafc914b00831b911e98b9a663bb857e3e4859e3a65f64a85c9d405dac76a9982f8ca572af2528a135f742ae43344ba634766c566ba318571a3b231bb5eeabce194444db1b9683b135d7a6da2346bb97c1f144222e9512bd3288791cba452e4975515294bc822c94c1d4d42dd5c1090869c7db61df0fc609ef6de10cbed815e7bb1d8597db3d3b95a0f3e91e0c9f597d167ba31b37f6e11efdbfe1592c18860d0d0e10efddebdfcd36ec6326b1e0a64b0f978fe57f3f4d8adbcf4ace0065beedd8e3b6bb958cc4ed2ebd0ad328b0f451fad96705a2cd4c2be7608ba142265b3452afd7baaf387518ba4e5b8674fbeb04273a644d1a257a272e4c25da86fc9d9229514aa6f526751a965260eaf4db210b34e9f130686f3f4cbed8fb581b261991ac9cff003f87fab878f24d8c335ad2d9b5df0e96d84610d91e708f3e8f8460ac56a2950347f0f956c59ce9fd114a22e883b6ff005c106cc316e39b76eaee5ef2084df46ee49a8e71f9220a4f6089a60483272c6e369ab821a2ce1194afe0a6dbb5eeabce1d46039ba63a7250a86e4dbb185ead32494427c63211b60723a2d57e8a6f3af345eb0f2893524a4c0b7a2964834e85fea877ab4bb5807942392655457ff24bd3c4ed198765f8c7dd97dde304d5ac0278667feabf1c30e943fe9be17f1db0f25651039940a1dd0bae8f1eeefbf9714e3de312424c21df8dfbbc396c873563d99374e7da8c5303b15015a4f2d3cf4b73186cc37a6ada4fe2873cbd8a6124b1d3d62addb321db023cee528c2357e8a18f34211a76877ed511c92caf1d7baaf387526e56138c9f35cec3cd662244104590a3c92eaa28a3eb8d0b75704d4555faab2c5297b6afcc18b3083c6e5637d6e0d0fc36fa6d4f8935e3a329a84bdbb202ceb19d3e8dd7eebeef4bd58c4796ddef43fb306175f7e17c36c7d38f82f6608cddc1d945b7826a23cfe4ad7b73dc81cf334c37c796f8a1fb4f675aff0062bdeb4dff00f4c62ac3652c52b6eff3c53517f190ba69a9651d3f9f35d999ece0a328b7df55b131bc4f7fb2432334ebeeb7708ebdd579c3aec1d668a604da60a755e88a3c85122b545122894aaa8297d41a109084980936d08277256f40e73cee7f92b0c46b3ac6d3ed7fe95e1d4f6e2cdf7ad9d0066917f8c2ff0044f6c71336d0032ff87e7bd184230dd0ba1beef1e77df7f3f65dd1ace7b9895aefdb0dfcd0dd4a772b8d6d56d5b8ed8fd5cf64c1ff0047a585f1d97457b30c59b47aefa5b2f8dfeeabb085eacffaa86182169ae93582733845c99cf727bdaf7a6b3446e489f5aba443f70755e70d45984317b939128e411576c8a24e8555fae497d410909aa131af24c1aab4cb2594856636cecb2b8629f39986fa3bba385d90a44db7e4f6adabd289d49fbedde175db382b0580b030f6ddbf8a1882e82d425c23c57b56f9ec1fb3b173bbae8ed8df8e3b3cbbbbd592d605fa33aebf0c77a14251aebbc136297f944fab672e190a594a64d0a1579a6a30c8beaf5326ebdd579c35166174d2514a12e854bc92eaa395d0baa3411a6b250930dcad959ce681d0a1954daa822495c24f2bf23a85fbaff0e704d583216686cd3bd5a841340fd5d9e3bb0debda0656c11fc1c5a6d33dc6176ebb182b1a54d6660ee8430e1843059c97b6c1423374f5b914a153576cb43572257a2b2dd7c0456d24b7ebdd579c3539d1d0c93594eca2dd5c112bd51468bd56bf34d4b55fa26bf34d55a639a64f8934de9d416eae190642cee49b46fd0ab508ec40c31789cd98fad5d39efba114c20ce018005b6187e0b1442984b39e59665609c8aabf54c0928e9d6eadd0d7bafcff00f5d54c0e6577a6410f213239dfd516eae08444d4a98155baea4e878f5a6d62a6a114c2ec50dcc63b7d53e726932409a8a6067560a668517208884a5d54728cb3830a8ebdd579c3563af5c852642a2f506a083f9269b9305ed1f6ad75224e84f3e0ab327760644af44516411252ce7929aa6a9a98ebdd579c15d1d50abcd13756e452299551452a2a257af5068498a6a55ed10fec91eed51079d86010a10a4a97cabc91670baec35ee492967da093f2d50b757045df5c5151488a444af5ea0f20b75704d4a982b634cca1aa16850bb65f06b92724d0f5dafcf5ee7fac85a40bb3f042284ba60ea075eb90a445454444af5cb2eaa1945bab826a9aa15c60483274db343c9d530d2a97f07b915b7545bab82cd7bd0b7f77cf5ee676088235d238a1b1cd03dea51ba84168276510f212bd115147d710d0b75704d469a9508a8a20bb0e9b6ee4e5a99af6bb376a44ea4e85367e12ed51b8a0e08b5e7d41e416feef9ebf0f8be09c93430317c13a2cd63a0566ce93f5d77e089b6b9649687fc059af7a95550c93512bd112bd512bd14baa829755152eaa394790684845422a12957edc53ab1e776088d4cd3b6d4430447e62f77526554720d0b7f77cf5e4184bdb609fdd1cd20177f61ddc54dd0c9f1cbda8508683fd5449c2e708a20a288232257a750a352aaa0a555414ad36496a5e49955059d2114d826033176a16ef0f9297550456b396680e5e48b617f017b9dea2b438bb686ac4542d7baaf387525562843421c166bfc14317f094aac14ae55e488d425ed916c8d0e817b99f2cc5eff2b582cd0ea5562a5d5472cbaa8a95cabcd493f0f48a6b65bd36e42f67535b1c2150e4b4c87926554324b57437c2f4e58322fdd715ee73a258e61223438ae58f5a55629b6ed7bafcff00f5cb2eaa08422a136426f2beeb582f819044c92eaa3926554325c1e0a400bbbd16600fe5112c7017ee8bdc6c90ec66624260c85b94a6fc215e0859443531108b4d92655414caa829955152e6a257964c392cd005dc8b638512c730966a6176c84252f20b5eeabce1925a1083c72cbe7f8a10a6a94843c92e564257a7526f7a9b550532aa0b38532aa0855e6a5295926ca5366e5269720d4baa8a97551c9282b36e7947a659ac37dc8ac025ec514470c720b5e4af443421a1082a5054b95926562875eb974fc97fb6f5421e59755052966bdca5294552ab05d92ce42a6e495294bac161d4ff00b3e2a6a99d4ed743925d54112bd72145393961fc143c35e4dc85210f24c37057ff0068a672fc324ce484453743934392672fc724b32d3f2534ca6641d7a6495582959264d4393926554568720f4aa5d54324caa8a229688d90866e393a68835f0723eaf4fdc043c829c86a5f3cba65a0e4a5a1c23cf24ce5f8a99ca1d4d0735303c14caa8f566659a8645290865fc1132e87b24416850abc90ebd14be7f875ad4dbe1f96bc4352eaa2a6299551421aec90bff29167570435a1ab94c530bfcda9a6ec169b9295966994cfeeab0ff2a6561d799551c97ff6958579299c97d33f0c83af4532aa28a49a85a2442a113292bd728ebd325a9b7c3f2fdc053eafe5925d5410868b0fe0ba52ccb4cb36ef5a516410d146a5d62a60510a1dca6554324b87257ff68a5d6286b45f06ff005f14493cff00caba57deab0c92eaa089d0fed7d54bac5124a9ff00dd7a776514e441adca5d543536a0f18438dfe976bc5f35a65ff79af8ad0735ff00654932ec55e1ab94c44537fb4f5534287257fbaaf3c92bf82a555432fc1ae59064feeeb043730fe6ab053397e0bb65fed327d0aa8aff00755e68445daa2b6aaab9424a14952f2f6b9083ca4cb6a7dd6b86a3ffc4006e10000201020303060808070b070904031103040200051213140622241523323334440110424353546474112025526263849421354072a4b4d407163031455055738283c465759293a3e4f0264151607185a2b3f4366195b21781a5c2c3d1e32746c1d2d3f36691a1b1b5c5e2ffda0008010100063f02fe1bc3fccdf87e247c7d2a9465f13178b0d74ab156ef9551e954b14b76ba55877b0d667951a962adda8cb7b76b1629546558a5e5d6f4a552adee9574ab7bcaaddf179551c38be9d62ac3bd5bd2956f4a5bf58714ab7bc9adee8d79586a386be947a75bd8a551e96fd62f2a351f9d52a8fe67f3feefc5c3f137bc5863d1a8fc597d1add956ed6f7c4c5e5561ac3e4d4b0d62f14be6d6ed47c7f061a8e1f1fd2adda8cbc9a962a8ef62fa758a35865d1afa5528cba5e2c3e557d2f1e28ef562ac3ff008e891a8fe67f39eef8b17f0387c587c58bc5bb5bdf1377a3f1e587a5f12551947c586b76b146b7b7aa58ba3e2dde8d619546bc9ac386a5f36351ae8eed6f54b14b0d6195463528e1deac31e8d6f56ef9351ac5e4cbcbaddac51a8d6f6ef8fa55bdbd528d47f33fea062ac3e2c3e2c3e2c55fc5587e34b7bc786be8d6662f174bc7bd2add962ac58abe957d1957ce8d470f47c519562ff4eb0d4a32e8f8b0f4b0f8a32afa35197ceac5e4d6ecbc5bbf3eb17fe0afc35f3aa5bb586a328d746b0d658e71dee86fd47f9fe5e2978f0cbc52deaddac3d1afa5e3c3e2c52add957d1adef89bbf12328f4bc5bd1adde978f0f8b76a5bde3c5e4d74bc5f46b15465d2f1ff00f3d61f8f8a35c5628c7c89f5b5886e02419791d94a3af07f3deef8b0ff00011f161ae8d47178f146b0d6ed62f89f4bc5bd5bd5f9d58a35d1a8c6ba5e2f82b0d7d28f8b0e1ac3e5562a954aa3f4ab157e6f8b0f8b0f8be8d61f9d52dea8e2addf23c51c52ddac4324651f9f5294ba3e454a2d14029477e19de73fea447e0ac52f14631f1e2a978ba5e3f9be2c32adea8d7cec5586be8d47c58bc786b7a55d2ac3d2ac5d1a9561f26a5197f63c587e261f057e6d47c5865d1ac31957ceadda1cb2e5865e5c2743206253c450df5b98d50ff69a086263c899f832610d2b432fbbff00d45961f1c7c5bbe38f8b1628e2f1ca3fc06f561afa558bc786a31f1ef46b1793e2c51e957d2a8f8b7b7bc5f46b77c519561954bc52c55294472c3f3f05495218511e3cf81b1f343a899a722220b7c0cad3eb03e82a5b40319dab4c9a282e2137de173fb3547f9db0ff00011def89f46b0fc5fa35865e2f83c5bd2c3e2dd978b7bc7f9be3e978b154bc787a58ab33c5f370d7c15bd587caade974aa5196f561f146b77a5e3947c5d2deafa3e2dde8caba35bb5bb2c518f97e8ea49b4dc79ddc9cfd196a3708bc9b4930a9549c31e51482f77a66db6f0c64ddc27826cce6728882f4ec7b4f74af07e6ff003de297f07bbe3c5e2def1f4776a5f1655f078b0e1ac3e2e8d6ed62ac3528e1a8cbcaadef17d1a97d2ac328d61c35bd58be7d61974aa586b0d6f79358ab0d6ed4651f16ecab0f47156e9052fa13e6ab24261618c304f261942ad62a1d64b3b7c338799a193682cf7940d2e85c2d27d50beeecf66a49825ea324bb264e940ab5755170760d3f645ae7a55ff9fe3f1b77a5f130c7e26ef8b0f93fc062ac586b7bc518d7e6d62afa5e3f9d5d1f1470d61a978e32f26bf3ab76a3528d62f1cb0d619746b7b16f6e427518c4c5ce2f431cf36a43e544c4a0b730754527da28cf0ee0d4948c34870ce79a227d7ea2ae835e3256e56f98b1c21ce89c53d3fb4fbdd0c66b7aa9a8dc31cee01eeedae0e1f875bb3715ff0050255d2f8fbb52f89f47c52954be95470f46b0f8fe8f8f0d4b0f8b162f161ac51ac5518f951f898bc1e2c51ff43c5d1ac5e4d62f16f78b156ed7d2a961ac51f995883d2a9106311cff009f95519686cc28e3c1331b3cb574372816e96d6152a171b79a7c02e263cfafeaccfa854436f68776d44f2159dcc072886a7a75d75bd4ea28d9ee56695b5480887da0e6042d5e7f6060feadec951ffa811a8f8e5f1658ab0c6a35bb5f3b154bc528f95e2fe3adea956ed62f161afa351a9793e38d4655bb1f14b76b161f162adddd954aa3f4aa5865d1f22b146a328d628fc494ab77caace1c7207837e73e6b32a522619463e47a4a345878a05a3b99294f28b4d8d37b771ef8670cdd6957f58a8bd635e364bc59e0ded2819b87f28ea01c45a6dec77959cee146b5a6adacf696d5d7bd376ea0b5ab9be9ee1a9ed2cd47f9eb17c78fcef8bbde2c55863e556295619746b77c58ab178e58bc15bb52f17d2f16f54b15619561a8c6ba55f46b76b147e262e946b157d2ae8ef546b1547c9ac5586b157c3f0d628f8b179352dee6e3b90f455288479a4974e70ea8751d3dbc528f420631ff00dbb0bd188d5c2225979e09999c8415f68d3d0f67ee0f65592cf05366ad4ec20016617bb9f4feb344fdf16538674f90085c1ee75c2b1dc17b7d47fea0ef7c4fa3f1235f47c51f9be2dedeac55bbf1376b0e1e8d618eecab0cab0d7e754632fec78be97c4ddac3586b146bf3bc5d2a947c9f161a8e1afa5e28d6f56ed6f574a883e947c8a8c652c21143a1528cb10862e8421d5536bea8b20dbf7e019f651969bd38e5932808ea9a70ca111b5ffc4a6d56ccde24d9ed37b5ec6a36a98c0d53e36d7ed1a8ee9725bdafb7ff003fe2adef8b2c5586b15618d465f12328d6f561e946b0cbe26efc5dee8d4b76a35863e2c3e2fceaf9bf1a32e8f8a3f47c5d2a94716f546a3e3def14a31ac519626d89e5c21e8eb4a124a24cf14f721ce934f4419b775a7c6d7d5a8b8388a58d6f7242b5a8f160d0670e746260fd7fd8eac16b88e3844aee1830ecfeb1a7fe76c3e2c3f1f17c48cab157d2ac55d1add8f47e27d1afa3e297d1f14a32a946a5f0fc5dde8f8b146a3e2deac51e8d74bc52a8fceac3e5561f16ef8e3f36be1f26b76be978e58bc528d6f6f57d2a9131713d08549a9138b8e6e084fcdd5d081c5ab8aa6803eb3d62ada8ca31c45067b5f58562a411c70b0a4c47467ff5030fc4c3f165e3fa35bb5bd2afcef89bd5bbf163e2f87c15f9be2946b0c7c58ab7ba558be678b17c4c35f47c529783c5f078f0cbc5f4bc52f492e9d1cc6c32dc2c3fd8569cd2c528e56fd2461cb9c10321aff5f51ffb3f9dbe8ff0fd2ac5528c7c58ab15470f4bc52a8d62f16ed7e6d6ec6b7a3e2ffdd528fc4c52f8b2afc3f17e978a32f16f47c528f8a5587e6d61c3587157d2ae8d468d109242d44304ea4324a528d7d2c751fcdfe72ddfc871547178b7aa528ca38abe6d61956ed6f546a5e2c3e394abe77c4ddaddf1619562afa558ab0ca5e297cd978b15628f8a5e3c558bc58bcaf1cb0d62a978b0ca5e28ef56f5628d4b76a3f9bfce78bf22e9561f1fd2f8dbb5ff00dc54bc72a8c6552afa5e2f9b5d1afa3e2e9574bc7bde2fa3e2f9d1f1e1afa55f4bc52deaf27c5bde0ddf17d2f17f157cea96eef46b76bfb751fccfe74fa3f13a3fc3c6a51f14abe8d7e0f8d2f161c3e2947c5f9958be2eef4aba3e2e8f8b7bc71a9562f162c351ac3ff8fc5bd1c5e2c51ac5f3abf0c6a587c52c51ac3586a3f9bff5130fc58d618d61f8bf3b1f8ff057cef8b28d46b1477ab147c58ab147c5bb2ac32a8f8f0cbc5bbe2c38aa5e3c351a956194ab77a358a3d1a8e1affdd58bc9a95783f33fea3e2f16f566477be274be3e1f16ed4b174ab7bcaf161f162addac5f3ab156ef4ab7a35bdd1f23c52f16ed7e6d4ab178b0f47c7d1ac551ddadd97c48c6558bc38715783fea2e1f8b86a51978a5e3978a5e2e8d46558abf8bc58ab0d4a5e2ddf16ef8be8d4b17c7c32e8d4b0f8b77c58a35bde2dde956f54a5d28d6f5611d61c5d1a8e2f9f51ffa95bd58bcaa8fc694bc58a3e29561adea97cdf16ef47c5bdd1ac35bde3ddac5e2962ac5e4cbc51946a55f46b76b178b15465e4d6f56ed7c186a5586552dee954658b146bfb7cdd43f9fb0ff000dbbf13a55865586b1782b77c5bde2c5d2a8cb0eecaa3e2deac352c558ab0c7c8f1e1f26bf054aa31c58bc51ac5f3ab76b162a946ba5d2a946a3e2dd8ef57477a558ab146b7ab7a386be8f3551fcdfe7ac3fc2ef747e2ca3e28f8f0fc4fa3e2c32acbf26b9c8d4a31ae8d746b146bc3e2c586a35d1ac51e8cbc587c5bd58655d1a8d746b7635bd58a5d2ac558abe957d2a956f5747f32be8d61a8fe6ff00d4cc3e2c352f14a352f8d1dd8e28d4aa52f1463f054ab7aa386a51f27c5f9b587c7bd58abf37c7bd52f8df47c71f26ba3518d783f33fea34be3cbc5f46a5e2fa358a3d1ac32ae978ba358be754a55bbbde2c5e2def26b0e2f146558bcaf162f1cab178ba5586ba5e2c558abe8d628d6294aa5518caa386b14ba3f33c51ff00b3f2d97f34cbe24bc728d61f1eed4a55870d62954b0c7154b178a386352a961ac521d6ef46be08f935865d2add9561af9b5f4aa3f4aa5bbe28f8be0c3e3c386b77fb75d1f1470f8bf05747a35f061a8c70e2963ac32f26b0c6a551fcdfe7ac3587f86c3e3c558be2cb0d6f7935871561ff004eb77a3e2f9be294bcaac552c55f4ab76a3e3dda8d618cb76a52add8d4bf078b77a55f0fc5c31f146b161ddac55f4ab77caf14be9547fecfe7bc5fc362addf8dbbe2dde954b0f95e2c58b178b14ab154a3e4cab14bc52a26ed4a52af9d2a947caac358a35d2ac32f16f747c58be2fd1f162ac5fe854715618f8f146a58a3529547fecfcbc848c77a30a30498710a1bff00565cff00e6afa5e28d7d2a8d61f8bbb51ac3e4cbc586b7a558717e654b0d6f562c352c31ddadef8b8aa5bb5865d1f8f865d2ac386a387c71f16f57d1a8fe0adddd9547fecfcbdd2063191320bb93a1c9794640b800484218f9a237ddf51f7762a4d272cd5b1e084fd27f32cbe3cab0d7f1d47c787caf8b2deae9574aa528caa51962a88e52ac3529465fc04abf0f8b77c5bbe2974652ac5877bc5863518f47e2eed47f2f8abbb965df04fd1fbc7b3558869f840ae53576034b079a6adf715cfd7fbb38ab1c052cd2a628ac1733e7aa60dc419446f234fd9fb5f655e87330e202177e61879bfcae587f87ddadef162f1cabe6cab7ab77e27d1ade8d6ec6b0ca351c38a35d2c586a32adde8d746bf37e274776a51f162a8cab147c7d1af9b5f46b14a3e2fc3f125f36a3f97a92ceca518ca84266eca3d470ec018fd1e97b6ae12c6f0dbd8eeb6f9f543170fc9e043df350c37569190ce1e292bcc5bd99e6ab6e2b1c4642f445c728c891e7270879bfcb3146ba3fc34be274b178e551c5e554b765b95bd1def174717d0a1cba32f16661a90e31fedd6f746b0e1ddaf9b1ac35bdfc074bc58a351def162947c5ff00c95bdf13a352a8fe6fe5f193438947139543c3adcb2b00f93ea376548269b8cc5304d9e774e6b779863d9b4bfab513942f12b705b9894ce4b85547cff107f76a30555e32888e5872843b2b82f4ebb1de7f2edd97f05d2f16eff01870d62c31ade8d4b0d6ed7477aa3586a511c6b7ab0fc351adef1c7c587caf1c6bf0562f2abf0d62c55bbd1adea8e1f05747e24ab7abe8d12a3f9bf971241961242059c37f2bb3f11518c8d1390aadba6f421d6e6ae76175fed3569b4a2611eed7b85b9f85a4d300844e59031a7b4dc1867bce978ba675178138ddbdac07596980aaaff68a0a639621af0c109fe5df4bf84c55bd5bdf125e3dee956ecaa51946a558aa318f88929746be6c6b0e2ac3e2fa3f1651f89197935d1e9565e19510c49747c8f146b1561ae954aba55d2f1c7f33f2e22f21f1b9fa4387de387cfa95bf9d136bb580f3f572ae7a75a1dd06d33aa160c9cf29465eefc47b1d49a7a5bd8050c616bac2fb469bb4fe5f8bf868fc6946b0cba52a90e3bb8aa511f83a3e3c558aa518cba558be7561f1c6352dee8d7e1afa35f37c7f86b14a35a70c77a5f3eb4e6dd9742a21261cec14fc70c70e78a0087f71c454652ac5f137ab0cb7bc58bcaa97d2a8fe6fe5b2a92f745c12b946e229cd90c32b30b6ee19807eaf4c9980b4facc66ce7384f4cd7b4711ddbbc7174377666d27fdedaef605677a3e696e2a768e23d66a3972c5296fce7d5089f67f898a528c63f3e75254cc463be2863c7cd7114455e3613735307d66a296622414a2c00478609fe51bb5bd1ae8d6f7f0dd1f162957f1ef56f4a35bd2deaf80752957f1d470f8b0cbc5bd5bde3c51f898a35bb518c63f99445c81de9efc31d05a1c651fa1e8eb148718905e5c39d1105442449bcb80a7c739f9d63fdd688bda465ba5da5dd96866e9cbe9cf521dd9802631430003338197dc6fd3e9d6eed5192e13c47f3cc03ab99f79f1eed74ab77a3f32b15470c6a551fcdfcb7c3f995108c27392332e3d373a5216a77d2a11b82e94cd3e4d7e19485d0d91d4e7ff0084ad63868d908205c40f0433ca11145f4da8d3affc9ba3d42f514ed636a415cf90733333e6f51ed3da6a2394a38a5d087a4f1611c71485bf3843ada25c2dab80e1639899a67388abf3fddd7ef3436866945b14f33267d510abf68030bff84ab7e738d1d917307ce9f56a2e0e1c15155bb83dabb6652960b619ae6ae25b89d8e63d9964d9e2dff78a0da6dac02f6fca780ecad3e0065f40bfacd62904a0fa06eb7f27def1465f1fe97f01197935bb1f8b2ddadef16ef47c5bde2dde8f8b17ceac55d2ac3e55471562f9f5bb1e9507f3ff00d5d6a3166c630c13843ff3eb0aa4eb6182139f776fda29db39970277694cad821739e95063ed1ed9dae9d7b120a87542cf58d71e293170fa8030bf795b54bead073d419a5b91f676ed711b7314e73b7cc02b55c4ac7ac30b776fb6d4755b03b2aac650e85a6f80d50fde286479592669799c79b5294bc52f2be856294b77e6546a58bc71fcdfcb7c3f9bff00e8a099e1c4e1c6503465a7ce8cb9fd7dbd8eecca75b3c6335273291533ed33066a0c2971418e7d7d37b569f5feed44ba5c2db14e426be585a13ed16eb8f68d3feb756c69ebc2ff00bd8bd5d47a47ade728bc3636dffc5daf63e1f834be1674ea781bf0f87c1c77f1fc1430db5f591da656fe5025a93e6e65c6dc0d4e4034deb96bd476cee14c5e0cd4452b781b85c670e74ab957e1e888ef45be5114395963e94ba4f41a7f59734f46d9c25f24d205b8f292a134335f4fd833ff00a3355c5e928cd7831148c1ca79b33eb485ef07a8ca4c6264bbff00def78ae55b559ae3784073cb659b18794ca99bdbd75b8b5e9d4de55569d4b29b54339990bd27a73f107d3b3ddbb3fb857c197bbf3e67cdfca317f0f8aa5f36a5188e58ab161c32a94ba52ade2562f2bc5bd5865d28d4b77c5bdf170ca3e2fa558655992de957477aa4d61dd1431ee546e88c6371b5b7da8309e51465ef1f69a5bf7bb255cb5b70c136701c4d26dafd9c170d37e80e50c9b4565914820094c99bd9ba82f78d3b0b766f5ba5176ae59b1bb650266b6439674ea7b42fdaf529abf7fd3505736d62a758aa88f8d239ec2fb16e601c3f66f9259fb9545b5ede590d4809456e170bae6ea05da387d3769adec518fcc9d61956ecb7abf8eb156f561e9546a52a8fe67ffa7f2d97e6ff00f86ad2ab032959b63d9f710cf9ad469cfa85cebdc3bcd1330c4e4d6ae253bcb4219a5228c6a3985d8eedda2877c45c2ca56c9a9339b066886263875f50bb3da5673885349444f14649155d26972335527785f50bf79e2aa7667ed63d8fda30261bedaee090f4da6be6cf8b883d81efc0dea3c0cf1685a5ceda830d21e1f87f0d6dc27278098e5636cf7158d0ca7dc2b0f7272e05d7ef3f2a5c38ff0050a662d2aabf8618f38c7ca28c3de3de6a4c1adbac771e5aa19cf9afebe9be6e256e702f530eaea2694b7b1ffaba23b60b9b969698cacfd1cf2d4774fc42fca0bf64669cda9f0beb476aadf00c8d04b26cf741958f93adefa0833c25eed7a9f00147d4f0f1dffd7e1a25aeed6d2da6fea438e5a003e97faff5b5bed9fcd12f14a44e8d611cb0c6b77c8f1cb0d7d2adeade8eecab162f1747c5bbe557c386b1787c51deac3442666188a18e73a65a1985c200a79adeb02a1c6d7256293bbed246c8cd197fc4d455310a095ccf81a82d0cdcbd47b3d3e6b7c5fba3f6c3e382c6c8572d4ef07a651211fb0917e2c13e55b515a228c711d9fbceb2b94af11daa69b6d5c182100348657bc2d43958ec7142d3d3d49a1ce90becebd618f46b1465d0f16f6f562ac5bb1dca97d1a8d7d2a8fe6fe5b2fcca8cb10a437618f043d2d197249a8cb4bcc421cefca3fb3696b8e1b47b68b98783099c5962eeff00a55624c273ca3ce4f4d0397f56a0b8b90a06447136a9833ece5eee75e86d5c6d3cb6915ecfba2d339d57d81307d45c393d85bb333572bc2ea8856d4a78da5a06e2adc260fc3ea17ed7a6ecea6aea374e4b71ab008023bd76b2c35e2b7098fe90f5667d91cab03961bc2b7135c33b3e6b6b956b2b876173dc2cf72e2ec8ce97847f8d7aae12093106d20cf78c96434d5b84b9f4ec5d98b432d24db36c4fb5bfa3a306448b925ce5841d8754e0b3faf5ff005ba23569b3c5fb9592029bc9439d6862f4ec5bfb5b2b39eb69d20d316fd05eed20101a58d33ebedc5f67b833c5b36cff008b8fe4f863d2ae978a5e2c587e27c3f1b76b165cbc587e6d74e55d2f1e1978b77c3bd5f4ab7b7773c5bb5f4bc51dda8f47156ed61f2aa5f3ab7ba351cbeadbdc863eabed14ec46ac5a5a332921a687fb0ad19366ef6ae6e6efa50d51465c8ebd7f59ada15496d54a3b7da8afeb5d99c4f905af5d7c8e27b333aa62a573d9dcd4cd6c694b0b5a66b28b716ee3c467de18fee18e12b50e5b6c29d9ede015951beeda3c0b5aa997d9edeb7e32653ee14b27766b966580b8e1375115832bd3ea166b8966a3c9e8aa04230e60c19f34417b3afa5ae978be8fc5fa33a96ed47f37f2d97e6504709629477e158a44caf2f1ce8d1bb3002bb705547da3247d52ac06e205ee2b9f3d6ed2b6974f56ebcda0b20b56d684d43d0b3a73f50c7b2b94690478625394f821d52fa83ea2acf7e35c00fa9733dc600eead58ae3663afca00b82ecf08cace5ad8d5a1f64a26c9ed72085f6c76c5888a57dd9df006d179c9603a946ec73db1b72d2c2cef8321a7ad3d81df0fe1f83c3fc5e1bf5c367aebb3cb4bc30503778dddad0b4b5bee3c2aec3e06784b8d8f50cf87c1acd1702f7a8d59123277eb59268940f1ae73034830dae7d3aff00bdfbc2dc25cad9c97a7a25af69365e4dee194b56d058c665b68ede3b8f0c70b2b2cd7ca76c6d6ffa1373dc1ea1911881fb795e6d455dce0084c69cfc38185fbb32e7b650bc1e17968dfedef09ed99be18398d5b94fe50d9bbc31db19b639c47aef6aff00b2a4f4d5d1bac405ae0e3cdcb2afc3ff00c37f93e297c4c5e4f9158b0cb0fe6579318d79351ddc51f1fe1f89bb5bde554a386a5f4abe8d62f1628d74be3e2f2ab178e318caa529746152946a318c7a53f2eb2cdcc4b1f427d55108670e24189f427cea1f68a95d15724594b9f46e76ce75019bda34dc5accd7ca2e09f95cc0da879bb30084c5bb87618e23b5b2b70ffa3505ab9485760973607d95b7cde56cbc3ea393df639378b6564fb5fafbf5295d186af724a19fc9f7300365ec032fb3aecb5abd350d346cf64e442ff27d881a55465f68b832ad69c76fd00450c1086780b5d1ac5518caba55d1a8d4be6d628d4b1547fecfcb65f995222b8b265e44fad1fac5465fe9e3a886319174f0c10f3ba717ecd4456eb6fd7924a974ab41a3aa51b7e9d85fbcad4f86c3190961345802dfaad534b8bde19ed3460c62d6289f7f5aae95a20bda17a5ed2b337ad96dac8905c9aeac23df766ee9e0f83c3c0bd6f5bc1e1bb5bdbc5f078354a6b3f0787c3e1f87f061f0baabd1895951a2a078067f67634fecd56cd98bede4ae6cd5c46daf6b42f60f07262c5b87e30b51d7f0b5f2232d6a7e1b7dd9377c287fee4bf8a836f97820da297605ae32d5a87b7b07d41c083ff0f82ef65be25daec376f85de396fe3f053abddd98dc485682783f8329a734da7d3bcfe9bf94f875f5feedf9562c35bb1ddf9f438e64b14a1b982b9be946a5bd863f33d1d4714a3297d085628ef47cb85618ef54b7777c8f8dbd5cdd61946b777655d2adee8fc58d61ae8f8b0f8b763bbe294b161add9547779c8d61a89024c248f4e13ac4422b1645cc4f19f9a27bc54876b55aba0e33cf3a4ccf28ab97d9fba32b53618dd05b1b74166ea96651ca41c2fa0634dc22df72a1de9e456ba0dbd5815b8728e50adda83e9f2386e1195bd9381ae4d5c8729988166aa56254ed148a2fd9cec69b44a2cb7b5b8f5139498dbbdacda4973130dbd2cd56dc55cfd7e7ea9dd4e8e92b3d8d3ba34c9419ed06e16a79069317a7617d5693f4da91911c73230c139c3c7f46bf3fc586b7bc5bd51fcdfcb65f9943947a5e5c3fbfa962c518d782dd661665c6e03c014f3c0abee07bc68352d25ca5d9fb9d47676e84d96da542e889856a9324f0b378d916c07f05bf235ccac95d2cad26d783c1f05a9df068bc1f87c16df0f83e1954eddfbb0fee557c03020e65a3f743d92d9e0c1acb63c1e0f02ef3fa6ebfdebc1ad41ffe3e4ff87c3e1f0f864f12e02738ac8c934cfafcac8e1df5fd9b87a49871165f4053091a0ace9ad9745c5e9edefadd999f50ae42dbfb647696d65394167dad66005b6facc1cff93f941f5ff1df0deb7fa7500a009f6aac931f1769bb1f2de584c77eb430b2ba567dd1cf07fcdf27dc3c144b58ee2e5c6da93596886e7ceb4bdbbf93f4f70ef2b27c476ce390fcab763bbe5d118b8bca8031f2e73e6b368218c4f96c4f983333d2aa42fb3afdaf83f5ba3c82456e232c37d60cf4a5caf40b9d9ef35864c1c448efe4ce7ce905ed0bfacfecd518e767ea37f1e3d50882f67a20498a32e9f439a27d7af58b1654aa328e1f9939d62c5bdf1f0e2f16ec7e26ed6f78b0f83c43c558bca956efc49465e554776b0c6b15446c4709a3e5c39acca249e8e267237f19f2b9aa62e7b337d8acdab031c29dc0e01147eb00418ef2afb2394c876a9512ad895c7fbe0b14c1aa18bbc1ee16ff00d7d4a6f66d1da49396449a52139dbd5070e26388b7bfa85b846567165d8538cefeb513682f569da5960cd3dc59b65f00aab7e518070fa8b832d6ad65bba692addb1b6e9ecd7ee7fb38c23ab75ad9855e7b4ea646a72395f4897ca6e518c9bcfdf9b2cf04f9426f5d1f63ea34f52206dad26b2fb9827000b2feed51c5bd2975183ce5115c32d5af0cfac5d18d0e528f4a18e15f4a3e3c3e28fe6fe5b2fcca0876aeef76b2780a61006e5bd20bcaafa8f3f70f65f73f59abb1f666ff0067daa52c8a99b3da768153599abaa8bea3940f673f65bdac9aa0d5f06eebb88ec14c8767ae27fdcff6866b67cf65b68c9afb03055fc1a9c9b03ecf66e2d70356f6d2752ed2d7c9ff00c7f0116dadb7376abeb40e86db7e21bedc180701e1b7edbada26ec8cb7e0fc28f2c6bbf050d4fdcfb69ef16a4cb32df766764f6b322f16bbc89632ebdded20bc2dd9b8a658f7fc856e16efe3f8687793581cb386e1ff00b4766b79c022a771ecf703d9d8f6ced7a4711edd481140a77db2b41cf4ae0eaa115e866e239fe505f45ee8fda1cf56a8dcb674b1047065b562bb7ca96a73d6320fdaedacd2c3e7e3950c18199e6b43fb4779f7ba935108a2ccba6684328a4f78fc8652312228c7cb9cf2aa5261c4c518f9667802cca90e24b09e31f2e1b540cd27d469f92a8dc395a88ba135ae28f11eeebb2d24de9a86bf22dd8529cf04e667ad4310ff00bf65ad25134a3c511031e035e2c6ab44fa85d7e55ff1b59cc59af387e7dbdad9cba089eefa6bfd1864b2ed40882997734a890b94bf9f634cd70d59649356b24b2a6ac2e7000b50263cff006ae1bed94cca5b4566b72ca4fcbb8f34c29e9f8655d6f53ec9442055ba6d45c9454a086d032a80425c4c7abafdd96a6deb849a11ae102834cd438a1f31f279fb956f26028e2d67cc3039f3757d9f3ea2f5a5a15c6d25b775d9fc52edf685f51ee6d31d91ca20e418e2b4ee5c569f34fa7a7efebfacada5edf51717967c453cf01a13cd1102c79f62a516211e2018e06f465f41eed52f2b7f1ff7558a32c31f99f165f1b0fc71c63f32bcac35bbe2962ae956f4ab146ba5bd51cc2463418c639528c37f0548325417153e9f5a3a6eed65b58b4cbcf1bcb04fce8febd7a4889ecc805b4c547490985102a5705c42f9ec30b779e2348feb3b7d21cb19f2645314effb30b40e5b55d4ab835167d3e9bd4f51c7a8e50eecd5f2fc7b95b0c622ab5f6ce05761ad45f416fb7f646594fd6f8e7eacfb3af5e9595cae671298163ea9f7351c3b0fb0be97e4d5a869a76700b2aea581c21e74abea3cfea19ed3ededd108a8e3858ca9c210e769933048c8c92256c21c7e76ac4d3528eaf68d5b89c0b4fadca5c1a860f52565907b93bbea87ce8c5e9e86170994b0a782109f5a4fa8d3d3b1547846be6e7e0ea97ff79a8cb0ca31c1b98f9accac5870d628d4aa3f9bf96caa36bda2d9fba277d51e50fad0bdc05c6c6c6a351a75fbb33ea0df60ed74ead67bbda76bf606f06b8e96d8cc0ef5fb611bb7b16ee7f8957e4eba36b3fa4e13817be16ee1ff003f86a414c92ccc659c026e68b93e9d763d668d6d68c3ba6d25be053cedfb4d6e014571b1af69635085bee1a5754659f50d6685f47fcdced076abf73e60b648ecfc2dcf82cbc9cf20ab971b89f88f93d9e117ed1a47d4b377ef942a3ca5b283012f13367c9281ac37fd9ada2b7e997b82370d3776bc67b176b7b7fb6d136758b83576d952c3568b26e76e9622b1a8e618f5959cd3d0d8cc8c40580a709cfda2a4434a221f918e75290f7a319e0c7e93f8794b174688196aad367143b485ad2bf712fb3f7b596fb8d4431195af2e1334cefb44fb433ada246f9a3546a73f3b7c21af6b2bda34dd99aa89985459f80503c267ba95f5fddecf6de1353ebfac751a0ab65d8bb4894140b9e666dd95a82b1e7d75d669dd37df6a448af114653c700c21cd0ffa8a9489104631f2e60a8f362393e87342a90c318e5c7a10f495bd86ba31ff0042a3a81c8b18fccacede10fa10863397f59a1c824888919e3c782b50b9b2a5d09c3cd31ff1ea941b82513daf6aa30526f246579a604bf9f5fda74bdd381d7a1414558e194a65);
INSERT INTO `users` (`users_id`, `title_id`, `username`, `user_pass`, `gender`, `email`, `logincount`, `lastlogin`, `last_ip`, `birthdate`, `fname`, `lname`, `address`, `profile_picture`) VALUES
(2000003, 1, 'employee', 'employee', 'M', '', 0, '0000-00-00 00:00:00', '', '0000-00-00', '', '', '', ''),
(2000004, 0, 'budoy', 'budoy', 'M', '', 0, '0000-00-00 00:00:00', '', '0000-00-00', '', '', '', ''),
(2000005, 1, 'asdasdas', '12345678', 'M', 'asdasdas@gmail.com', 0, '0000-00-00 00:00:00', '', '2016-09-06', 'asdasd', 'asdasdas', 'asdasdasdas', ''),
(2000006, 1, 'hibari', 'test', 'M', 'hibari@gmail.com', 0, '0000-00-00 00:00:00', '', '2016-09-03', 'Kyoya', 'Hibari', 'San Mateo Rizal', ''),
(2000007, 1, 'paul028', 'c9c9jwpaul', 'M', 'paulvincentnonat@gmail.com', 0, '0000-00-00 00:00:00', '', '1996-09-25', 'Paul Vincent', 'Nonat', 'Taytay', ''),
(2000008, 1, 'iubantot', 'pangetka', 'M', 'iubantot@gmail.com', 0, '0000-00-00 00:00:00', '', '2016-09-02', 'kyoya', 'hibari', 'San Mateo Rizal', '');

--
-- Indexes for dumped tables
--

--
-- Indexes for table `cities`
--
ALTER TABLE `cities`
  ADD PRIMARY KEY (`city_id`),
  ADD KEY `regionID` (`regionID`);

--
-- Indexes for table `payment_mode`
--
ALTER TABLE `payment_mode`
  ADD PRIMARY KEY (`mode_id`);

--
-- Indexes for table `products`
--
ALTER TABLE `products`
  ADD PRIMARY KEY (`product_no`),
  ADD KEY `category_id` (`category_id`);

--
-- Indexes for table `product_category`
--
ALTER TABLE `product_category`
  ADD PRIMARY KEY (`category_id`);

--
-- Indexes for table `regions`
--
ALTER TABLE `regions`
  ADD PRIMARY KEY (`regionID`);

--
-- Indexes for table `service_schedule`
--
ALTER TABLE `service_schedule`
  ADD PRIMARY KEY (`serviceID`),
  ADD KEY `users_id` (`users_id`);

--
-- Indexes for table `titles`
--
ALTER TABLE `titles`
  ADD PRIMARY KEY (`title_id`);

--
-- Indexes for table `transactions`
--
ALTER TABLE `transactions`
  ADD PRIMARY KEY (`transaction_id`),
  ADD KEY `users_id` (`users_id`),
  ADD KEY `mode_id` (`mode_id`),
  ADD KEY `transaction_details_ibfk_1` (`product_no`);

--
-- Indexes for table `usercart`
--
ALTER TABLE `usercart`
  ADD PRIMARY KEY (`cartID`),
  ADD KEY `users_id` (`users_id`),
  ADD KEY `product_no` (`product_no`);

--
-- Indexes for table `users`
--
ALTER TABLE `users`
  ADD PRIMARY KEY (`users_id`),
  ADD KEY `title_id` (`title_id`);

--
-- AUTO_INCREMENT for dumped tables
--

--
-- AUTO_INCREMENT for table `cities`
--
ALTER TABLE `cities`
  MODIFY `city_id` int(11) NOT NULL AUTO_INCREMENT;
--
-- AUTO_INCREMENT for table `products`
--
ALTER TABLE `products`
  MODIFY `product_no` int(11) NOT NULL AUTO_INCREMENT, AUTO_INCREMENT=18;
--
-- AUTO_INCREMENT for table `product_category`
--
ALTER TABLE `product_category`
  MODIFY `category_id` int(11) NOT NULL AUTO_INCREMENT, AUTO_INCREMENT=7;
--
-- AUTO_INCREMENT for table `regions`
--
ALTER TABLE `regions`
  MODIFY `regionID` int(11) NOT NULL AUTO_INCREMENT;
--
-- AUTO_INCREMENT for table `service_schedule`
--
ALTER TABLE `service_schedule`
  MODIFY `serviceID` int(11) NOT NULL AUTO_INCREMENT;
--
-- AUTO_INCREMENT for table `transactions`
--
ALTER TABLE `transactions`
  MODIFY `transaction_id` int(11) NOT NULL AUTO_INCREMENT, AUTO_INCREMENT=10;
--
-- AUTO_INCREMENT for table `usercart`
--
ALTER TABLE `usercart`
  MODIFY `cartID` int(11) NOT NULL AUTO_INCREMENT;
--
-- AUTO_INCREMENT for table `users`
--
ALTER TABLE `users`
  MODIFY `users_id` int(11) NOT NULL AUTO_INCREMENT, AUTO_INCREMENT=2000009;
--
-- Constraints for dumped tables
--

--
-- Constraints for table `cities`
--
ALTER TABLE `cities`
  ADD CONSTRAINT `cities_ibfk_1` FOREIGN KEY (`regionID`) REFERENCES `regions` (`regionID`);

--
-- Constraints for table `products`
--
ALTER TABLE `products`
  ADD CONSTRAINT `products_ibfk_1` FOREIGN KEY (`category_id`) REFERENCES `product_category` (`category_id`);

--
-- Constraints for table `service_schedule`
--
ALTER TABLE `service_schedule`
  ADD CONSTRAINT `service_schedule_ibfk_1` FOREIGN KEY (`users_id`) REFERENCES `users` (`users_id`);

--
-- Constraints for table `transactions`
--
ALTER TABLE `transactions`
  ADD CONSTRAINT `transaction_details_ibfk_1` FOREIGN KEY (`product_no`) REFERENCES `products` (`product_no`),
  ADD CONSTRAINT `transactions_ibfk_1` FOREIGN KEY (`users_id`) REFERENCES `users` (`users_id`),
  ADD CONSTRAINT `transactions_ibfk_2` FOREIGN KEY (`mode_id`) REFERENCES `payment_mode` (`mode_id`);

--
-- Constraints for table `usercart`
--
ALTER TABLE `usercart`
  ADD CONSTRAINT `usercart_ibfk_1` FOREIGN KEY (`users_id`) REFERENCES `users` (`users_id`),
  ADD CONSTRAINT `usercart_ibfk_2` FOREIGN KEY (`product_no`) REFERENCES `products` (`product_no`);

--
-- Constraints for table `users`
--
ALTER TABLE `users`
  ADD CONSTRAINT `users_ibfk_1` FOREIGN KEY (`title_id`) REFERENCES `titles` (`title_id`);

/*!40101 SET CHARACTER_SET_CLIENT=@OLD_CHARACTER_SET_CLIENT */;
/*!40101 SET CHARACTER_SET_RESULTS=@OLD_CHARACTER_SET_RESULTS */;
/*!40101 SET COLLATION_CONNECTION=@OLD_COLLATION_CONNECTION */;
